<?xml version="1.0"?>
<window id="2000">
	<defaultcontrol>341</defaultcontrol>
	<allowoverlay>no</allowoverlay>
	<controls>
		<include>Dialog_Popup_Background</include>
		<control type="group">
			<include>Dialog_Popup_Animation</include>
			<posx>366</posx>
			<posy>144</posy>
			<control type="image">
				<posx>0</posx>
				<posy>0</posy>
				<width>548</width>
				<height>434</height>
				<texture srcborder="51" border="34">dialog_bg.png</texture>
			</control>
			<control type="label" id="141">
				<posx>64</posx>
				<posy>60</posy>
				<width>380</width>
				<height>40</height>
				<include>Header_Heidi</include>
				<align>left</align>
				<aligny>center</aligny>
				<label>[B]$LOCALIZE[54752][/B]</label>
			</control>
			<control type="fixedlist" id="341">
				<posx>66</posx>
				<posy>118</posy>
				<width>480</width>
				<height>260</height>
				<onleft>-</onleft>
				<onright>-</onright>
				<onup>-</onup>
				<ondown>-</ondown>
				<pagecontrol>-</pagecontrol>
				<scrolltime>200</scrolltime>
				<itemlayout height="68">
					<control type="label">
						<posx>44</posx>
						<posy>0</posy>
						<width>356</width>
						<height>56</height>
						<font>font28</font>
						<textcolor>mediumgreyheidi</textcolor>
						<align>left</align>
						<aligny>center</aligny>
						<label>[B]$INFO[ListItem.Label][/B]</label>
					</control>
					<control type="image">
						<visible>ListItem.Property(IsSD)</visible>
						<posx>10</posx>
						<posy>14</posy>
						<width>26</width>
						<height>26</height>
						<colordiffuse>mediumgreyheidi</colordiffuse>
						<texture>icons/icon_browse_menu_sd.png</texture>
					</control>
					<control type="image">
						<visible>ListItem.Property(IsUSB)</visible>
						<posx>9</posx>
						<posy>14</posy>
						<width>28</width>
						<height>28</height>
						<colordiffuse>mediumgreyheidi</colordiffuse>
						<texture>icons/icon_browse_menu_usb.png</texture>
					</control>
				</itemlayout>
				<focusedlayout height="68">
					<control type="image">
						<posx>0</posx>
						<posy>0</posy>
						<width>416</width>
						<height>56</height>
						<texture srcborder="24" border="16">button-focused.png</texture>
					</control>
					<control type="label">
						<posx>44</posx>
						<posy>0</posy>
						<width>356</width>
						<height>56</height>
						<font>font28</font>
						<textcolor>whiteheidi</textcolor>
						<align>left</align>
						<aligny>center</aligny>
						<label>[B]$INFO[ListItem.Label][/B]</label>
						<scroll>true</scroll>
					</control>
					<control type="image">
						<visible>ListItem.Property(IsSD)</visible>
						<posx>10</posx>
						<posy>14</posy>
						<width>26</width>
						<height>26</height>
						<colordiffuse>whiteheidi</colordiffuse>
						<texture>icons/icon_browse_menu_sd.png</texture>
					</control>
					<control type="image">
						<visible>ListItem.Property(IsUSB)</visible>
						<posx>9</posx>
						<posy>14</posy>
						<width>28</width>
						<height>28</height>
						<colordiffuse>whiteheidi</colordiffuse>
						<texture>icons/icon_browse_menu_usb.png</texture>
					</control>
				</focusedlayout>
			</control>
			<!-- control type="scrollbar" id="60">
				<visible>false</visible>
				<posx>762</posx>
				<posy>104</posy>
				<width>12</width>
				<height>252</height>
				<include>ScrollBarCommonProperties</include>
			</control -->
		</control>
	</controls>
</window>