<?xml version="1.0"?>
<window id="10463" type="dialog">
	<defaultcontrol>50</defaultcontrol>
	<allowoverlay>no</allowoverlay>
	<controls>
		<!--<include>Common_Settings_Background</include>-->
		<control type="group">
			<include>Dialog_Popup_Background</include>
			<!--<control type="group">
				<include>BrowseListsAnimation</include>
				<include>BoxeeLogo</include>
				<control type="label">
					<include>PageTitleProperties</include>
					<label>$LOCALIZE[5]</label>
				</control>
				<control type="label">
					<include>PageSubtitleProperties</include>
					<label>$LOCALIZE[52100]</label>
				</control>
			</control>-->
			<control type="group">
				<include>Dialog_Popup_Animation</include>
				<posx>214</posx>
				<posy>86</posy>
				<control type="image">
					<posx>0</posx>
					<posy>0</posy>
					<width>852</width>
					<height>544</height>
					<texture srcborder="51" border="34">dialog_bg.png</texture>
				</control>
				<control type="image">
					<posx>414</posx>
					<posy>142</posy>
					<width>24</width>
					<height>274</height>
					<texture>browse/graphic-divider-vert.png</texture>
				</control>
				<control type="group" id="9000">
					<control type="label" id="58">
						<posx>63</posx>
						<posy>58</posy>
						<width>720</width>
						<height>26</height>
						<font>font24b</font>
						<aligny>top</aligny>
						<textcolor>boxeegreenheidi</textcolor>
						<align>left</align>
						<!--label>Source Path</label-->
						<haspath>true</haspath>
					</control>
					<control type="edit" id="51">
						<posx>66</posx>
						<posy>96</posy>
						<width>720</width>
						<height>64</height>
						<include>Edit_Heidi</include>
						<onup>-</onup>
						<ondown>52</ondown>
						<onright>-</onright>
						<onleft>-</onleft>
					</control>
					<!--<control type="label">
						<posx>0</posx>
						<posy>60</posy>
						<width>200</width>
						<height>40</height>
						<font>font26</font>
						<aligny>center</aligny>
						<textcolor>white</textcolor>
						<align>left</align>
						<!--label>Source Location</label--*>
						<label>$LOCALIZE[51847]</label>
					</control>-->
					<control type="edit" id="59">
						<visible>false</visible>
						<posx>66</posx>
						<posy>78</posy>
						<width>640</width>
						<height>52</height>
						<font>font28b</font>
						<align>left</align>
						<aligny>center</aligny>
						<textcolor>black</textcolor>
						<focusedcolor>black</focusedcolor>
						<disabledcolor>disabled</disabledcolor>
						<textoffsetx>14</textoffsetx>
						<texturenofocus border="25">browse_menu_dialog_edit.png</texturenofocus>
						<texturefocus border="25">browse_menu_dialog_edit_focus.png</texturefocus>
						<onup>51</onup>
						<ondown>52</ondown>
						<onright>-</onright>
						<onleft>-</onleft>
					</control>
					<!--<control type="label" id="58">
						<posx>230</posx>
						<posy>60</posy>
						<width>644</width>
						<height>40</height>
						<font>font26</font>
						<aligny>center</aligny>
						<textcolor>white</textcolor>
						<align>left</align>
						<label>-</label>
						<haspath>true</haspath>
					</control>-->
					<control type="label">
						<posx>63</posx>
						<posy>174</posy>
						<width>200</width>
						<height>26</height>
						<font>font24b</font>
						<aligny>top</aligny>
						<textcolor>whiteheidi</textcolor>
						<align>left</align>
						<!--label>Source Type</label-->
						<label>[B]$LOCALIZE[51848][/B]</label>
					</control>
					<control type="group" id="60">
						<posx>66</posx>
						<posy>212</posy>
						<control type="radiobutton" id="52">
							<posx>0</posx>
							<posy>0</posy>
							<onup>59</onup>
							<ondown>53</ondown>
							<onright>80</onright>
							<onleft>-</onleft>
							<width>336</width>
							<height>52</height>
							<type>radiobutton</type>
							<texturefocus srcborder="24" border="16">button-focused.png</texturefocus>
							<texturenofocus>-</texturenofocus>
							<textureradioon>universal/graphic-radio-check.png</textureradioon>
							<textureradiooff>universal/graphic-radio-blank.png</textureradiooff>
							<pulseonselect>false</pulseonselect>
							<radioposx>12</radioposx>
							<radioposy>12</radioposy>
							<radiowidth>28</radiowidth>
							<radioheight>28</radioheight>
							<textcolor>lightgreyheidi</textcolor>
							<focusedcolor>whiteheidi</focusedcolor>
							<disabledcolor>lightgreyheidi</disabledcolor>
							<align>left</align>
							<aligny>center</aligny>
							<textoffsetx>51</textoffsetx>
							<textoffsety>0</textoffsety>
							<font>font24</font>
							<!--label>Video</label-->
							<label>$LOCALIZE[157]</label>
						</control>
						<control type="radiobutton" id="53">
							<posx>0</posx>
							<posy>48</posy>
							<onup>52</onup>
							<ondown>54</ondown>
							<onright>80</onright>
							<onleft>-</onleft>
							<width>336</width>
							<height>52</height>
							<type>radiobutton</type>
							<texturefocus srcborder="24" border="16">button-focused.png</texturefocus>
							<texturenofocus>-</texturenofocus>
							<textureradioon>universal/graphic-radio-check.png</textureradioon>
							<textureradiooff>universal/graphic-radio-blank.png</textureradiooff>
							<pulseonselect>false</pulseonselect>
							<radioposx>12</radioposx>
							<radioposy>12</radioposy>
							<radiowidth>28</radiowidth>
							<radioheight>28</radioheight>
							<textcolor>lightgreyheidi</textcolor>
							<focusedcolor>whiteheidi</focusedcolor>
							<disabledcolor>lightgreyheidi</disabledcolor>
							<align>left</align>
							<aligny>center</aligny>
							<textoffsetx>51</textoffsetx>
							<textoffsety>0</textoffsety>
							<font>font24</font>
							<!--label>Music</label-->
							<label>$LOCALIZE[2]</label>
						</control>
						<control type="radiobutton" id="54">
							<posx>0</posx>
							<posy>96</posy>
							<onup>53</onup>
							<ondown>70</ondown>
							<onright>80</onright>
							<onleft>-</onleft>
							<width>336</width>
							<height>52</height>
							<type>radiobutton</type>
							<texturefocus srcborder="24" border="16">button-focused.png</texturefocus>
							<texturenofocus>-</texturenofocus>
							<textureradioon>universal/graphic-radio-check.png</textureradioon>
							<textureradiooff>universal/graphic-radio-blank.png</textureradiooff>
							<pulseonselect>false</pulseonselect>
							<radioposx>12</radioposx>
							<radioposy>12</radioposy>
							<radiowidth>28</radiowidth>
							<radioheight>28</radioheight>
							<textcolor>lightgreyheidi</textcolor>
							<focusedcolor>whiteheidi</focusedcolor>
							<disabledcolor>lightgreyheidi</disabledcolor>
							<align>left</align>
							<aligny>center</aligny>
							<textoffsetx>51</textoffsetx>
							<textoffsety>0</textoffsety>
							<font>font24</font>
							<!--label>Photos</label-->
							<label>$LOCALIZE[1] $LOCALIZE[51857]</label>
						</control>					
					</control>
					<control type="label">
						<posx>449</posx>
						<posy>174</posy>
						<width>280</width>
						<height>26</height>
						<font>font24b</font>
						<aligny>top</aligny>
						<textcolor>whiteheidi</textcolor>
						<align>left</align>
						<!--label>Scanning Options</label-->
						<label>[B]$LOCALIZE[51852][/B]</label>
					</control>
					<control type="group" id="80">
						<posx>452</posx>
						<posy>212</posy>
						<enable>Button.IsSelected(52) | Button.IsSelected(53) | !Button.IsSelected(54)</enable>
						<control type="radiobutton" id="81">
							<posx>0</posx>
							<posy>0</posy>
							<onup>51</onup>
							<ondown>82</ondown>
							<onright>-</onright>
							<onleft>52</onleft>
							<width>336</width>
							<height>52</height>
							<type>radiobutton</type>
							<texturefocus srcborder="24" border="16">button-focused.png</texturefocus>
							<texturenofocus>-</texturenofocus>
							<textureradioon>universal/graphic-radio-dot.png</textureradioon>
							<textureradiooff>universal/graphic-radio-blank.png</textureradiooff>
							<pulseonselect>false</pulseonselect>
							<radioposx>12</radioposx>
							<radioposy>12</radioposy>
							<radiowidth>28</radiowidth>
							<radioheight>28</radioheight>
							<textcolor>lightgreyheidi</textcolor>
							<focusedcolor>whiteheidi</focusedcolor>
							<disabledcolor>lightgreyheidi</disabledcolor>
							<align>left</align>
							<aligny>center</aligny>
							<textoffsetx>51</textoffsetx>
							<textoffsety>0</textoffsety>
							<font>font24</font>
							<!--label>Private[CR](source will not be scanned)</label-->
							<label>$LOCALIZE[51849]</label>
						</control>
						<control type="radiobutton" id="82">
							<posx>0</posx>
							<posy>48</posy>
							<onup>81</onup>
							<ondown>83</ondown>
							<onright>-</onright>
							<onleft>60</onleft>
							<width>336</width>
							<height>52</height>
							<type>radiobutton</type>
							<texturefocus srcborder="24" border="16">button-focused.png</texturefocus>
							<texturenofocus>-</texturenofocus>
							<textureradioon>universal/graphic-radio-dot.png</textureradioon>
							<textureradiooff>universal/graphic-radio-blank.png</textureradiooff>
							<pulseonselect>false</pulseonselect>
							<radioposx>12</radioposx>
							<radioposy>12</radioposy>
							<radiowidth>28</radiowidth>
							<radioheight>28</radioheight>
							<textcolor>lightgreyheidi</textcolor>
							<focusedcolor>whiteheidi</focusedcolor>
							<disabledcolor>lightgreyheidi</disabledcolor>
							<align>left</align>
							<aligny>center</aligny>
							<textoffsetx>51</textoffsetx>
							<textoffsety>0</textoffsety>
							<font>font24</font>
							<label>$LOCALIZE[51853]</label>
						</control>
						<control type="radiobutton" id="83">
							<posx>0</posx>
							<posy>96</posy>
							<onup>82</onup>
							<ondown>90</ondown>
							<onright>-</onright>
							<onleft>60</onleft>
							<width>336</width>
							<height>52</height>
							<type>radiobutton</type>
							<texturefocus srcborder="24" border="16">button-focused.png</texturefocus>
							<texturenofocus>-</texturenofocus>
							<textureradioon>universal/graphic-radio-dot.png</textureradioon>
							<textureradiooff>universal/graphic-radio-blank.png</textureradiooff>
							<pulseonselect>false</pulseonselect>
							<radioposx>12</radioposx>
							<radioposy>12</radioposy>
							<radiowidth>28</radiowidth>
							<radioheight>28</radioheight>
							<textcolor>lightgreyheidi</textcolor>
							<focusedcolor>whiteheidi</focusedcolor>
							<disabledcolor>lightgreyheidi</disabledcolor>
							<align>left</align>
							<aligny>center</aligny>
							<textoffsetx>51</textoffsetx>
							<textoffsety>0</textoffsety>
							<font>font24</font>
							<label>$LOCALIZE[51854]</label>
						</control>
						<control type="group" id="90">
							<control type="radiobutton" id="84" platformClass="emb">
								<posx>0</posx>
								<posy>144</posy>
								<onup>83</onup>
								<ondown>57</ondown>
								<onright>-</onright>
								<onleft>54</onleft>
								<width>336</width>
								<height>52</height>
								<type>radiobutton</type>
								<texturefocus srcborder="24" border="16">button-focused.png</texturefocus>
								<texturenofocus>-</texturenofocus>
								<textureradioon>universal/graphic-radio-dot.png</textureradioon>
								<textureradiooff>universal/graphic-radio-blank.png</textureradiooff>
								<pulseonselect>false</pulseonselect>
								<radioposx>12</radioposx>
								<radioposy>12</radioposy>
								<radiowidth>28</radiowidth>
								<radioheight>28</radioheight>
								<textcolor>lightgreyheidi</textcolor>
								<focusedcolor>whiteheidi</focusedcolor>
								<disabledcolor>lightgreyheidi</disabledcolor>
								<align>left</align>
								<aligny>center</aligny>
								<textoffsetx>51</textoffsetx>
								<textoffsety>0</textoffsety>
								<font>font24</font>
								<label>$LOCALIZE[51856]</label>
							</control>
							<control type="radiobutton" id="85" platformClass="pc">
								<posx>0</posx>
								<posy>144</posy>
								<onup>83</onup>
								<ondown>57</ondown>
								<onright>-</onright>
								<onleft>54</onleft>
								<width>336</width>
								<height>52</height>
								<type>radiobutton</type>
								<texturefocus srcborder="24" border="16">button-focused.png</texturefocus>
								<texturenofocus>-</texturenofocus>
								<textureradioon>universal/graphic-radio-dot.png</textureradioon>
								<textureradiooff>universal/graphic-radio-blank.png</textureradiooff>
								<pulseonselect>false</pulseonselect>
								<radioposx>12</radioposx>
								<radioposy>12</radioposy>
								<radiowidth>28</radiowidth>
								<radioheight>28</radioheight>
								<textcolor>lightgreyheidi</textcolor>
								<focusedcolor>whiteheidi</focusedcolor>
								<disabledcolor>lightgreyheidi</disabledcolor>
								<align>left</align>
								<aligny>center</aligny>
								<textoffsetx>51</textoffsetx>
								<textoffsety>0</textoffsety>
								<font>font24</font>
								<label>$LOCALIZE[51855]</label>
							</control>
						</control>
					</control>
				</control>
				<control type="group" id="70">
					<control type="button" id="55">
						<visible>!Control.IsVisible(62)</visible>
						<posx>66</posx>
						<posy>424</posy>
						<label>[B]$LOCALIZE[222][/B]</label>
						<width>232</width>
						<height>56</height>
						<include>Button_Heidi</include>
						<onclick>Dialog.Close(10463)</onclick>
						<onup>54</onup>
						<ondown>-</ondown>
						<onright>61</onright>
						<onleft>-</onleft>
					</control>
					<control type="button" id="62">
						<posx>66</posx>
						<posy>424</posy>
						<label>[B]$LOCALIZE[1210][/B]</label>
						<width>232</width>
						<height>56</height>
						<include>Button_Heidi</include>
						<onup>54</onup>
						<ondown>-</ondown>
						<onright>61</onright>
						<onleft>-</onleft>
					</control>
				</control>
				<control type="button" id="61">
					<posx>310</posx>
					<posy>424</posy>
					<label>[B]$LOCALIZE[51542][/B]</label>
					<width>232</width>
					<height>56</height>
					<include>Button_Heidi</include>
					<onup>90</onup>
					<ondown>-</ondown>
					<onright>57</onright>
					<onleft>70</onleft>
				</control>
				<control type="button" id="57">
					<posx>554</posx>
					<posy>424</posy>
					<label>[B]$LOCALIZE[51850][/B]</label>
					<width>232</width>
					<height>56</height>
					<include>Button_Heidi</include>
					<onup>90</onup>
					<ondown>-</ondown>
					<onright>-</onright>
					<onleft>61</onleft>
				</control>
			</control>
		</control>
	</controls>
</window>
