<?xml version="1.0"?>
<window id="10403">
	<defaultcontrol always="true">51</defaultcontrol>
	<controls>
		<!-- include>Common_Background</include -->
		<control type="group">
			<include>FTUDialogNoAnim_Heidi</include>
			<!-- RIGHT SIDE - BEGIN-->
			<control type="group">
				<control type="image">
					<posx>474</posx>
					<posy>66</posy>
					<width>312</width>
					<height>240</height>
					<texture srcborder="24" border="16">text-field-no-stroke.png</texture>
					<colordiffuse>FFEEEEEE</colordiffuse>
				</control>
				<control type="textbox" id="100">
					<posx>485</posx>
					<posy>76</posy>
					<width>271</width>
					<height>220</height>
					<font>font14</font>
					<textcolor>FF000000</textcolor>
					<align>left</align>
					<aligny>top</aligny>
					<textcolor>black</textcolor>
					<wrapmultiline>true</wrapmultiline>
					<pagecontrol>110</pagecontrol>
					<label>-</label>
				</control>
				<control type="scrollbar" id="110">
					<posx>767</posx>
					<posy>77</posy>
					<width>10</width>
					<height>218</height>
					<visible>true</visible>
					<texturesliderbackground srcborder="0,9,0,9" border="0,6,0,6">graphic-scrollbar-bg.png</texturesliderbackground>
					<texturesliderbar srcborder="0,9,0,9" border="0,6,0,6">graphic-scrollbar-slider.png</texturesliderbar>
					<texturesliderbarfocus srcborder="0,9,0,9" border="0,6,0,6">graphic-scrollbar-slider.png</texturesliderbarfocus>
					<orientation>vertical</orientation>
					<showonepage>false</showonepage>
					<onup>-</onup>
					<ondown>210</ondown>
					<onleft>-</onleft>
					<onright>-</onright>
				</control>
			</control>
			<control type="button" id="210">
				<description>cancel</description>
				<posx>474</posx>
				<posy>347</posy>
				<width>312</width>
				<height>56</height>
				<include>Button_Heidi</include>
				<label>[B]$LOCALIZE[53239][/B]</label>
				<onclick></onclick>
				<onup>110</onup>
				<ondown>230</ondown>
			</control>
			<control type="button" id="230">
				<description>update/ok</description>
				<posx>474</posx>
				<posy>422</posy>
				<width>312</width>
				<height>56</height>
				<include>Button_Heidi</include>
				<label>[B]$LOCALIZE[186][/B]</label>
				<onclick></onclick>
				<onup>210</onup>
				<ondown></ondown>
			</control>
			<!-- RIGHT SIDE - END -->
			<!-- LEFT SIDE - BEGIN -->
			<control type="grouplist">
				<posx>62</posx>
				<posy>56</posy>
				<width>320</width>
				<height>412</height>
				<orientation>vertical</orientation>
				<itemgap>0</itemgap>
				<usecontrolcoords>true</usecontrolcoords>
				<control type="label">
					<width>320</width>
					<height min="0" max="120">auto</height>
					<align>left</align>
					<aligny>top</aligny>
					<label>[B]$LOCALIZE[53255][/B]</label>
					<include>Header_Heidi</include>
					<wrapmultiline>true</wrapmultiline>
				</control>
				<control type="label" id="330">
					<posy>10</posy>
					<width>320</width>
					<height min="0" max="288">auto</height>
					<align>left</align>
					<aligny>top</aligny>
					<label>-</label>
					<wrapmultiline>true</wrapmultiline>
					<include>LargeText_Heidi</include>
				</control>
				<control type="label" id="130">
					<posy>40</posy>
					<width>320</width>
					<height min="0" max="288">auto</height>
					<align>left</align>
					<aligny>top</aligny>
					<label>-</label>
					<wrapmultiline>true</wrapmultiline>
					<include>LargeText_Heidi</include>
				</control>				
			</control>
			<!-- LEFT SIDE - END -->
		</control>
	</controls>
</window>
