<?xml version="1.0"?>
<window type="dialog">
	<defaultcontrol always="true">15001</defaultcontrol>
	<allowoverlay>no</allowoverlay>
	<controls>
		<control type="group">
			<include>DialogNoAnim_Heidi</include>
			
			<!-- left side -->		
			<control type="image">
				<posx>66</posx>
				<posy>66</posy>
				<width>12</width>
				<height>12</height>
				<texture>graphic_steps_dot.png</texture>
			</control>
			
			<control type="image">
				<posx>82</posx>
				<posy>66</posy>
				<width>12</width>
				<height>12</height>
				<texture>graphic_steps_circle.png</texture>
			</control>
			
			<control type="image">
				<posx>98</posx>
				<posy>66</posy>
				<width>12</width>
				<height>12</height>
				<texture>graphic_steps_dot.png</texture>
			</control>
			
			<control type="image">
				<posx>114</posx>
				<posy>66</posy>
				<width>12</width>
				<height>12</height>
				<texture>graphic_steps_dot.png</texture>
			</control>
			
			<control type="label">
				<description>Header</description>
				<posx>63</posx>
				<posy>125</posy>
				<width>400</width>
				<align>left</align>
				<aligny>center</aligny>
				<label>58011</label>
				<include>Header_Heidi</include>
			</control>
			
			<control type="label">
				<posx>64</posx>
				<posy>153</posy>
				<width>310</width>
				<align>left</align>
				<aligny>top</aligny>
				<label>58017</label>
				<wrapmultiline>true</wrapmultiline>
				<include>LargeText_Heidi</include>
			</control>
			
			<!-- right side -->
			<control type="label">
				<posx>462</posx>
				<posy>155</posy>
				<width>336</width>
				<align>center</align>
				<aligny>top</aligny>
				<label>58008</label>
				<wrapmultiline>true</wrapmultiline>
				<font>font24b</font>
				<textcolor>FFB3B8BB</textcolor>
			</control>
			
			<control type="edit" id="15001">
				<description>ZIP CODE</description>
				<posx>474</posx>
				<posy>198</posy>
				<width>312</width>
				<height>56</height>
				<include>Edit_Heidi</include>
				<emptylabel>58009</emptylabel>
				<emptycolor>FF000000</emptycolor>
				<align>center</align>
				<onup>2</onup>
				<ondown>2</ondown>
			</control>
			
			<control type="button" id="2">
				<posx>474</posx>
				<posy>422</posy>
				<width>312</width>
				<height>56</height>
				<include>Button_Heidi</include>
				<label>[B]$LOCALIZE[54655][/B]</label>
				<onclick>XBMC.ActivateWindow(ota.country.configure)</onclick>
				<onup>15001</onup>
				<ondown>15001</ondown>
			</control>
			
		</control>	
		
	</controls>
</window>
