<?xml version="1.0"?>
<window id="100">
	<defaultcontrol always="true">11</defaultcontrol>
	<controls>
		<control type="image">
			<posx>0</posx>
			<posy>0</posy>
			<width>1280</width>
			<height>720</height>
			<texture>black.png</texture>
			<colordiffuse>AAFFFFFF</colordiffuse>
		</control>
		<control type="group">
			<include>Popup_Heidi</include>
			<control type="label" id="1">
				<description>heading label</description>
				<posx>62</posx>
        <posy>52</posy>
        <width>445</width>
        <height>70</height>
        <align>left</align>
        <aligny>top</aligny>
        <font>font40bls</font>
        <textcolor>whiteheidi</textcolor>
				<label>[B]$LOCALIZE[58043][/B]</label>
			</control>
			<control type="label" id="2">
				<description>dialog line 1</description>
				<posx>63</posx>
        <posy>124</posy>
        <width>425</width>
        <height>226</height>
				<label>-</label>
				<aligny>top</aligny>
				<font>font26ls</font>
				<textcolor>lightgreyheidi</textcolor>
				<label>$LOCALIZE[58041]</label>
				<wrapmultiline>true</wrapmultiline>
			</control>
			<control type="button" id="11">
				<posx>66</posx>
				<posy>422</posy>
				<width>416</width>
				<height>56</height>
				<include>Button_Heidi</include>
				<label>[B]$LOCALIZE[51941][/B]</label>
				<!--OK-->
				<onup>10</onup>
				<ondown>-</ondown>
				<onleft>-</onleft>
				<onright>-</onright>
				<onclick>-</onclick>
			</control>
			<control type="button" id="10">
				<posx>66</posx>
				<posy>354</posy>
				<width>416</width>
				<height>56</height>
				<include>Button_Heidi</include>
				<label>[B]$LOCALIZE[58042][/B]</label>
				<!--Cancel-->
				<onup>-</onup>
				<ondown>11</ondown>
				<onleft>-</onleft>
				<onright>-</onright>
				<onclick>-</onclick>
			</control>
		</control>
	</controls>
</window>
