﻿<?xml version="1.0"?>
<window id="100">
	<defaultcontrol always="true">10</defaultcontrol>
	<controls>
		<control type="group">
			<include>Dialog_Popup_Animation</include>
			<posx>340</posx>
			<posy>162</posy>
			<control type="image">
				<posx>0</posx>
				<posy>0</posy>
				<width>540</width>
				<height>322</height>
				<texture srcborder="51" border="34">dialog_bg.png</texture>
			</control>
			<control type="image">
				<posx>230</posx>
				<posy>30</posy>
				<width>80</width>
				<height>80</height>
				<texture>sleepy_boxee.png</texture>
			</control>
			<control type="label">
				<posx>0</posx>
				<posy>150</posy>
				<width>540</width>
				<height>120</height>
				<label>-</label>
				<aligny>top</aligny>
				<align>center</align>
				<font>font28b</font>
				<textcolor>white</textcolor>
				<label>55198</label>
			</control>
			<control type="button" id="10">
				<posx>46</posx>
				<posy>228</posy>
				<width>140</width>
				<height>56</height>
				<include>Button_Heidi</include>
				<label>$LOCALIZE[186]</label>
				<!--OK-->
				<onup>-</onup>
				<ondown>-</ondown>
				<onleft>-</onleft>
				<onright>11</onright>
				<onclick>-</onclick>
			</control>
			<control type="button" id="11">
				<posx>230</posx>
				<posy>228</posy>
				<width>260</width>
				<height>56</height>
				<include>Button_Heidi</include>
				<label>$LOCALIZE[56035]</label>
				<!--Edit Network Settings-->
				<onup>-</onup>
				<ondown>-</ondown>
				<onleft>10</onleft>
				<onright>-</onright>
				<onclick>-</onclick>
			</control>
		</control>
	</controls>
</window>
