<?xml version="1.0"?>
<window type="dialog" id="10410">
	<defaultcontrol always="true">9002</defaultcontrol>
	<controls>
		<control type="group">
			<include>Dialog_Popup_Animation</include>
			<posx>322</posx>
			<posy>134</posy>
			<control type="image">
				<description>dialog background</description>
				<posx>0</posx>
				<posy>0</posy>
				<width>636</width>
				<height>372</height>
				<texture srcborder="51" border="34">dialog_bg.png</texture>
			</control>
			<control type="edit" id="9002">
				<description>Username</description>
				<posx>66</posx>
				<posy>66</posy>
				<width>504</width>
				<height>64</height>
				<include>Edit_Heidi</include>
				<emptylabel>$LOCALIZE[1014]</emptylabel>
				<emptycolor>lightgreyheidi</emptycolor>
				<onleft>-</onleft>
				<onright>-</onright>
				<onup>9001</onup>
				<ondown>9003</ondown>
			</control>
			<control type="edit" id="9003">
				<description>Password</description>
				<posx>66</posx>
				<posy>146</posy>
				<width>504</width>
				<height>64</height>
				<include>Edit_Heidi</include>
				<emptylabel>$LOCALIZE[15052]</emptylabel>
				<emptycolor>lightgreyheidi</emptycolor>
				<password>true</password>
				<onleft>-</onleft>
				<onright>-</onright>
				<onup>9002</onup>
				<ondown>9004</ondown>
			</control>
			<control type="button" id="9004">
				<posx>66</posx>
				<posy>250</posy>
				<width>244</width>
				<height>56</height>
				<include>Button_Heidi</include>
				<label>[B]$LOCALIZE[186][/B]</label>
				<!--OK-->
				<onup>9003</onup>
				<ondown>-</ondown>
				<onleft>9005</onleft>
				<onright>9005</onright>
				<onclick>-</onclick>
			</control>
			<control type="button" id="9005">
				<posx>326</posx>
				<posy>250</posy>
				<width>244</width>
				<height>56</height>
				<include>Button_Heidi</include>
				<label>[B]$LOCALIZE[222][/B]</label>
				<!--Cancel-->
				<onup>9003</onup>
				<ondown>-</ondown>
				<onleft>9004</onleft>
				<onright>9004</onright>
				<onclick>-</onclick>
			</control>
		</control>
	</controls>
</window>
