<?xml version="1.0"?>
<window id="4584" type="dialog">
	<defaultcontrol always="true">1</defaultcontrol>
	<allowoverlay>no</allowoverlay>
	<controls>
		<control type="list" id="5000">
			<description>info</description>
			<posx>0</posx>
			<posy>0</posy>
			<width>0</width>
			<height>0</height>
			<visible>false</visible>
			<itemlayout height="0">
			</itemlayout>
			<focusedlayout height="0">
			</focusedlayout>
		</control>
		<include>Common_Background</include>
		<include>BoxeeLogoLogin</include>
		<control type="group" id="7000">
			<include>FTUDialog_Heidi</include>
			<!-- RIGHT SIDE - BEGIN-->
			<control type="group" id="8700">
				<control type="button" id="8701">
					<posx>474</posx>
					<posy>162</posy>
					<width>312</width>
					<height>56</height>
					<include>Button_Heidi</include>
					<label>$LOCALIZE[53436]</label>
					<!-- Terms of Use -->
					<onup>9003</onup>
					<ondown>8702</ondown>
					<onleft>-</onleft>
					<onright>-</onright>
					<onclick>Control.SetFocus(8801)</onclick>
				</control>

				<control type="button" id="8702">
					<posx>474</posx>
					<posy>230</posy>
					<width>312</width>
					<height>56</height>
					<include>Button_Heidi</include>
					<label>$LOCALIZE[53438]</label>
					<!-- Privacy Policy -->
					<onup>8701</onup>
					<ondown>1</ondown>
					<onleft>-</onleft>
					<onright>-</onright>
					<onclick>Control.SetFocus(8901)</onclick>
				</control>

				<control type="button" id="1">
					<posx>474</posx>
					<posy>422</posy>
					<width>312</width>
					<height>56</height>
					<include>Button_Heidi</include>
					<label>$LOCALIZE[55125]</label>
					<!-- Next -->
					<onup>8702</onup>
					<ondown>-</ondown>
					<onleft>-</onleft>
					<onright>-</onright>
					<onclick>-</onclick>
				</control>
			</control>

			<control type="group" id="8800">
				<control type="image">
					<posx>474</posx>
					<posy>66</posy>
					<width>312</width>
					<height>411</height>
					<texture srcborder="24" border="16">text-field-no-stroke.png</texture>
					<colordiffuse>FFEEEEEE</colordiffuse>
				</control>
				<control type="label" id="8803">
					<description>title</description>
					<posx>485</posx>
					<posy>80</posy>
					<width>271</width>
					<height>15</height>
					<font>14b</font>
					<textcolor>FF000000</textcolor>
					<label>[B]$LOCALIZE[53436][/B]</label>
				</control>
				<control type="textbox" id="8802">
					<posx>485</posx>
					<posy>107</posy>
					<width>271</width>
					<height>358</height>
					<font>font12</font>
					<textcolor>FF000000</textcolor>
					<align>left</align>
					<aligny>top</aligny>
					<textcolor>black</textcolor>
					<wrapmultiline>true</wrapmultiline>
					<pagecontrol>8801</pagecontrol>
					<label>$INFO[container(5000).ListItem.Label]</label>
				</control>
				<control type="scrollbar" id="8801">
					<posx>767</posx>
					<posy>77</posy>
					<width>10</width>
					<height>390</height>
					<visible>true</visible>
					<texturesliderbackground srcborder="0,9,0,9" border="0,6,0,6">graphic-scrollbar-bg.png</texturesliderbackground>
					<texturesliderbar srcborder="0,9,0,9" border="0,6,0,6">graphic-scrollbar-slider.png</texturesliderbar>
					<texturesliderbarfocus srcborder="0,9,0,9" border="0,6,0,6">graphic-scrollbar-slider.png</texturesliderbarfocus>
					<orientation>vertical</orientation>
					<showonepage>false</showonepage>
					<onup>-</onup>
					<ondown>-</ondown>
					<onleft>-</onleft>
					<onright>-</onright>
				</control>
			</control>

			<!-- RIGHT SIDE - END-->
			<!-- LEFT SIDE - BEGIN -->
			<control type="image">
				<posx>66</posx>
				<posy>66</posy>
				<width>12</width>
				<height>12</height>
				<texture>graphic_steps_dot.png</texture>
			</control>
			<control type="image">
				<posx>82</posx>
				<posy>66</posy>
				<width>12</width>
				<height>12</height>
				<texture>graphic_steps_dot.png</texture>
			</control>
			<control type="image">
				<posx>98</posx>
				<posy>66</posy>
				<width>12</width>
				<height>12</height>
				<texture>graphic_steps_circle.png</texture>
			</control>
			<control type="image">
				<posx>114</posx>
				<posy>66</posy>
				<width>12</width>
				<height>12</height>
				<texture>graphic_steps_dot.png</texture>
			</control>
			<control type="image">
				<posx>130</posx>
				<posy>66</posy>
				<width>12</width>
				<height>12</height>
				<texture>graphic_steps_dot.png</texture>
			</control>

			<control type="label">
				<description>Header</description>
				<posx>63</posx>
				<posy>97</posy>
				<width>320</width>
				<height>200</height>
				<align>left</align>
				<aligny>top</aligny>
				<label>$LOCALIZE[55660]</label>
				<include>Header_Heidi</include>
				<wrapmultiline>true</wrapmultiline>
			</control>

			<control type="label">
				<posx>64</posx>
				<posy>203</posy>
				<width>336</width>
				<align>left</align>
				<aligny>top</aligny>
				<label>$LOCALIZE[55661]</label>
				<wrapmultiline>true</wrapmultiline>
				<include>LargeText_Heidi</include>
			</control>
			<!-- LEFT SIDE - END -->
		</control>

	</controls>
</window>
