<?xml version="1.0"?>
<window type="dialog">
	<defaultcontrol always="true">1</defaultcontrol>
	<allowoverlay>no</allowoverlay>
	<controls>

		<control type="group">
			<include>DialogNoAnim_Heidi</include>
			
			<!-- left side -->
			<control type="image">
				<posx>66</posx>
				<posy>66</posy>
				<width>12</width>
				<height>12</height>
				<texture>graphic_steps_dot.png</texture>
			</control>
			
			<control type="image">
				<posx>82</posx>
				<posy>66</posy>
				<width>12</width>
				<height>12</height>
				<texture>graphic_steps_circle.png</texture>
			</control>
			
			<control type="image">
				<posx>98</posx>
				<posy>66</posy>
				<width>12</width>
				<height>12</height>
				<texture>graphic_steps_dot.png</texture>
			</control>
			
			<control type="image">
				<posx>114</posx>
				<posy>66</posy>
				<width>12</width>
				<height>12</height>
				<texture>graphic_steps_dot.png</texture>
			</control>
			
			<control type="label">
				<description>Header</description>
				<posx>63</posx>
				<posy>125</posy>
				<width>400</width>
				<align>left</align>
				<aligny>center</aligny>
				<label>$LOCALIZE[58011]</label>
				<include>Header_Heidi</include>
			</control>
			
			<control type="label">
				<posx>64</posx>
				<posy>153</posy>
				<width>310</width>
				<align>left</align>
				<aligny>top</aligny>
				<label>$LOCALIZE[58012]</label>
				<wrapmultiline>true</wrapmultiline>
				<include>LargeText_Heidi</include>
			</control>
			
			<!-- right side -->
			<control type="label">
				<posx>462</posx>
				<posy>153</posy>
				<width>336</width>
				<align>center</align>
				<aligny>top</aligny>
				<label>$LOCALIZE[58010]</label>
				<wrapmultiline>true</wrapmultiline>
				<include>LargeText_Heidi</include>
			</control>
			
			<control type="label" id="15000">
				<posx>467</posx>
				<posy>182</posy>
				<width>336</width>
				<align>center</align>
				<aligny>top</aligny>
				<font>font24b</font>
				<textcolor>FF8CC544</textcolor>
				<label>[B][/B]</label>
				<wrapmultiline>true</wrapmultiline>
				<font>font24</font>
			</control>
			
			<control type="button" id="1">
				<description>YES</description>
				<posx>474</posx>
				<posy>354</posy>
				<width>312</width>
				<height>56</height>
				<include>Button_Heidi</include>
				<label>$LOCALIZE[107]</label>
				<onclick>-</onclick>
				<onup>3</onup>
				<ondown>3</ondown>
			</control>
			
			<control type="button" id="3">
				<description>NO</description>
				<posx>474</posx>
				<posy>422</posy>
				<width>312</width>
				<height>56</height>
				<include>Button_Heidi</include>
				<label>$LOCALIZE[106]</label>
				<onclick></onclick>
				<onup>1</onup>
				<ondown>1</ondown>
			</control>
			
		</control>	
		
	</controls>
</window>
