<?xml version="1.0"?>
<window id="10482">
	<onunload>Skin.Reset(BrowseMenuLevel3)</onunload>
	<onunload>Skin.Reset(BrowseMenuLevel2)</onunload>
	<defaultcontrol always="true">9050</defaultcontrol>
	<allowoverlay>yes</allowoverlay>
	<controls>
		<control type="group">
			<animation effect="slide" start="0,0" end="-60,0" time="200" condition="Control.HasFocus(7000)">Conditional</animation>
			<control type="group" id="9050">
				<include>BrowseApplicationThumbView</include>
			</control>
			<control type="image">
				<visible>Window.IsActive(10482) + Control.IsVisible(55)</visible>
				<posx>0</posx>
				<posy>680</posy>
				<width>1280</width>
				<height>56</height>
				<texture>browse/bottom-dropshadow.png</texture>
			</control>
			<!--<include>BrowseByLetterAppsList</include>-->
			<include>LogoTitleAndItemCountApps</include>
			<include>AppsActionMenu</include>
			<include>BrowseByLetterAppsThumbs</include>
			<include>BrowseAppsEmptyList</include>
			<include>BrowseLoadingAnimation</include>
		</control>
		<!-- include>Window_Transition</include -->
	</controls>
</window>
