<?xml version="1.0"?>
<window type="dialog" id="350">
	<defaultcontrol always="true">10</defaultcontrol>
	<controls>
		<!-- Dummy container for Music Info -->
		<!--<control type="list" id="5000">
			<description>info</description>
			<posx>0</posx>
			<posy>0</posy>
			<width>0</width>
			<height>0</height>
			<visible>false</visible>
			<itemlayout height="0"></itemlayout>
			<focusedlayout height="0"></focusedlayout>
		</control>-->
		<include>Dialog_Popup_Background</include>
		<control type="group">
			<include>Dialog_Popup_Close_Animation</include>
			<posx>294</posx>
			<posy>134</posy>
			
			<control type="image">
				<animation effect="fade" start="100" end="90" time="0" condition="Window.IsActive(FullscreenVideo)">Conditional</animation>
				<posx>0</posx>
				<posy>0</posy>
				<width>704</width>
				<height>392</height>
				<texture srcborder="51" border="34">dialog_bg.png</texture>
			</control>
			<control type="list" id="5001">
				<description>the user info</description>
				<posx>66</posx>
				<posy>46</posy>
				<width>500</width>
				<height>500</height>
				<itemlayout width="500" height="500">
					<control type="largeimage" id="9011">
						<posx>0</posx>
						<posy>0</posy>
						<height>44</height>
						<width>44</width>
						<texture>$INFO[ListItem.Thumb]</texture>
						<colordiffuse>80FFFFFF</colordiffuse>
					</control>
					<control type="label">
						<posx>137</posx>
						<posy>78</posy>
						<width>400</width>
						<height>50</height>
						<label>$INFO[ListItem.Label]</label>
						<font>font28b</font>
						<textcolor>white</textcolor>
					</control>
				</itemlayout>
				<focusedlayout width="500" height="500">
					<control type="largeimage" id="9012">
						<posx>0</posx>
						<posy>0</posy>
						<height>44</height>
						<width>44</width>
						<aspectratio scalediffuse="true">scale</aspectratio>
						<texture diffuse="masks/mask-share-user-icon.png">$INFO[ListItem.Thumb]</texture>
					</control>
					<control type="label">
						<posx>54</posx>
						<posy>0</posy>
						<width>500</width>
						<height>44</height>
						<label>$INFO[ListItem.Label]</label>
						<font>font30b</font>
						<textcolor>white</textcolor>
					</control>
				</focusedlayout>
			</control>
			<control type="image">
				<visible>true + Control.HasFocus(9001)</visible>
				<posx>66</posx>
				<posy>102</posy>
				<width>396</width>
				<height>224</height>
				<texture srcborder="24" border="16">button-focused.png</texture>
			</control>
			<control type="image">
				<visible>true + !Control.HasFocus(9001)</visible>
				<posx>66</posx>
				<posy>102</posy>
				<width>396</width>
				<height>224</height>
				<texture srcborder="24" border="16">button-on.png</texture>
			</control>
			<control type="image">
				<posx>70</posx>
				<posy>106</posy>
				<width>388</width>
				<height>184</height>
				<texture srcborder="24" border="16">masks/mask-share-user-icon-t.png</texture>
				<colordiffuse>whiteheidi</colordiffuse>
			</control>
			<control type="image">
				<visible>!stringcompare(Window.Property(input-size),0)</visible>
				<posx>70</posx>
				<posy>290</posy>
				<width>388</width>
				<height>32</height>
				<texture srcborder="24" border="16">masks/mask-share-user-icon-b.png</texture>
				<colordiffuse>FFCBCCCD</colordiffuse>
			</control>
			<control type="image">
				<visible>stringcompare(Window.Property(input-size),0)</visible>
				<posx>70</posx>
				<posy>290</posy>
				<width>388</width>
				<height>32</height>
				<texture srcborder="24" border="16">masks/mask-share-user-icon-b.png</texture>
				<colordiffuse>FFDA534A</colordiffuse>
			</control>
			<control type="multiedit" id="9001">
				<posx>80</posx>
				<posy>108</posy>
				<width>368</width>
				<height>170</height>
				<font>font26</font>
				<maxinputsize>119</maxinputsize>
				<align>left</align>
				<textcolor>mediumgreyheidi</textcolor>
				<focusedcolor>black</focusedcolor>
				<textoffsetx>0</textoffsetx>
				<textoffsety>0</textoffsety>
				<onleft>-</onleft>
				<onright>10</onright>
				<pulseonselect>no</pulseonselect>
				<onup>-</onup>
				<ondown>-</ondown>
			</control>
			<control type="label">
				<description>count of characters in the textbox</description>
				<posx>449</posx>
				<posy>291</posy>
				<width>370</width>
				<height>30</height>
				<font>font16</font>
				<align>right</align>
				<aligny>center</aligny>
				<label>$INFO[Window.Property(input-size)]</label>
				<textcolor>mediumgreyheidi</textcolor>
			</control>			
			<control type="button" id="10">
				<description>Share Button</description>
				<posx>474</posx>
				<posy>272</posy>
				<width>164</width>
				<height>54</height>
				<align>center</align>
				<aligny>center</aligny>
				<font>font24b</font>
				<textcolor>lightgreyheidi</textcolor>
				<focusedcolor>whiteheidi</focusedcolor>
				<disabledcolor>lightgreyheidi</disabledcolor>
				<label>[B]$LOCALIZE[53462][/B]</label>
				<texturefocus srcborder="24" border="16">button-focused.png</texturefocus>
				<texturenofocus srcborder="24" border="16">universal/button-unfocused.png</texturenofocus>
				<onup>9000</onup>
				<ondown>-</ondown>
				<onleft>9001</onleft>
				<onright>-</onright>
				<onclick>-</onclick>
			</control>
			<control type="list" id="9000">
				<description>list of services</description>
				<orientation>vertical</orientation>
				<posx>474</posx>
				<posy>102</posy>
				<width>164</width>
				<height>200</height>
				<onup>-</onup>
				<onright>-</onright>
				<onleft>9001</onleft>
				<ondown>10</ondown>
				<scrolltime>200</scrolltime>
				<pagecontrol>-</pagecontrol>
				<itemlayout width="164" height="56">
					<control type="largeimage">
						<posx>0</posx>
						<posy>0</posy>
						<width>164</width>
						<height>50</height>
						<texture>$INFO[ListItem.Thumb]-button-off.png</texture> <!-- update BoxeeUtils::PrecacheShareServicesImages with the relevant values .. -->
					</control>
					<control type="image">
						<visible>!ListItem.Property(IsSelected)</visible>
						<posx>12</posx>
						<posy>15</posy>
						<width>20</width>
						<height>20</height>
						<texture>buttons/button-share-check-off.png</texture>
					</control>
					<control type="image">
						<visible>ListItem.Property(IsSelected)</visible>
						<posx>12</posx>
						<posy>15</posy>
						<width>20</width>
						<height>20</height>
						<texture>buttons/button-share-check-on.png</texture> 
					</control>
				</itemlayout>
				<focusedlayout width="164" height="56">
					<control type="largeimage">
						<visible>Control.HasFocus(9000)</visible>
						<posx>0</posx>
						<posy>0</posy>
						<width>164</width>
						<height>50</height>
						<texture>$INFO[ListItem.Thumb]-button-on.png</texture> <!-- update BoxeeUtils::PrecacheShareServicesImages with the relevant values .. -->
					</control>
					<control type="largeimage">
						<visible>!Control.HasFocus(9000)</visible>
						<posx>0</posx>
						<posy>0</posy>
						<width>164</width>
						<height>50</height>
						<texture>$INFO[ListItem.Thumb]-button-off.png</texture>
					</control>
					<control type="image">
						<visible>!ListItem.Property(IsSelected)</visible>
						<posx>12</posx>
						<posy>15</posy>
						<width>20</width>
						<height>20</height>
						<texture>buttons/button-share-check-off.png</texture>
					</control>
					<control type="image">
						<visible>ListItem.Property(IsSelected)</visible>
						<posx>12</posx>
						<posy>15</posy>
						<width>20</width>
						<height>20</height>
						<texture>buttons/button-share-check-on.png</texture>
					</control>
					<!--<control type="image">
						<visible>Control.HasFocus(9000)</visible>
						<posx>0</posx>
						<posy>0</posy>
						<width>164</width>
						<height>44</height>
						<texture>button_social_share_selection.png</texture>
					</control>-->
				</focusedlayout>
			</control>
		</control>
	</controls>
</window>
