<?xml version="1.0"?>
<window type="dialog" id="10366">
	<defaultcontrol always="true">8100</defaultcontrol>
	<allowoverlay>no</allowoverlay>
	<controls>
		<posx>0</posx>
		<posy>0</posy>
		<control type="group">
			<visible>!Window.IsVisible(boxee_video_context.xml)</visible>
			<include>BottomGradient</include>
			<include>OSD_Progress</include>
		</control>
		<control type="image" id="8200">
			<posy>667</posy>
			<width>22</width>
			<height>17</height>
			<texture>seeker_arrow.png</texture>
		</control>			
		<control type="button" id="8100">
			<posy>678</posy>
			<width>198</width>
			<height>35</height>
			<texturefocus>progress/progress-bar-seeker.png</texturefocus>
			<align>center</align>
			<textcolor>black</textcolor>
			<onup>Dialog.Close(10366)</onup>
		</control>
	</controls>
</window>
