<?xml version="1.0"?>
<window id="10462">
	<defaultcontrol always="true">42</defaultcontrol>
	<allowoverlay>no</allowoverlay>
	<controls>
		<include>Common_Settings_Background</include>
		<control type="group">
			<control type="group">
				<control type="label" id="54">
					<posx>28</posx>
					<posy>18</posy>
					<width>925</width>
					<font>font40b</font>
					<align>left</align>
					<label>[B]$LOCALIZE[52100][/B]</label>
				</control>
			</control>
			<control type="group">
				<posx>32</posx>
				<posy>96</posy>
				<width>1220</width>
				<height>660</height>
				<control type="group" id="50">
					<control type="label" id="10">
						<posx>0</posx>
						<posy>503</posy>
						<width>800</width>
						<height>18</height>
						<font>font24b</font>
						<align>left</align>
						<aligny>center</aligny>
					</control>
					<control type="button" id="53">
						<posx>0</posx>
						<posy>0</posy>
						<onup>-</onup>
						<ondown>-</ondown>
						<onleft>-</onleft>
						<onright>42</onright>
						<label>[B]$LOCALIZE[52102][/B]</label>
						<width>304</width>
						<height>56</height>
						<include>Button_Heidi</include>
						<onclick>ActivateWindow(10462)</onclick>
					</control>
					<control type="fixedlist" id="42">
						<posx>332</posx>
						<posy>0</posy>
						<width>884</width>
						<height>570</height>
						<onleft>53</onleft>
						<onright>-</onright>
						<onup>-</onup>
						<ondown>-</ondown>
						<pagecontrol>60</pagecontrol>
						<scrolltime>200</scrolltime>
						<orientation>vertical</orientation>
						<focusposition>4</focusposition>
						<itemlayout height="68">
							<control type="image">
								<visible>!IsEmpty(ListItem.Property(foldericon))</visible>
								<include>BrowseLineSmallIconPropertiesUnfocus</include>
								<texture>icons/icon_$INFO[ListItem.Property(foldericon)].png</texture>
							</control>
							<control type="label">
								<posx>56</posx>
								<width>800</width>
								<include>BrowseLongLineLabelProperties</include>
								<label>$INFO[ListItem.Label]</label>
								<textcolor>mediumgreyheidi</textcolor>
								<selectedcolor>mediumgreyheidi</selectedcolor>
							</control>
						</itemlayout>
						<focusedlayout height="68">
							<control type="group">
								<visible>!Control.HasFocus(42)</visible>
								<control type="image">
									<visible>!IsEmpty(ListItem.Property(foldericon))</visible>
									<include>BrowseLineSmallIconPropertiesUnfocus</include>
									<texture>icons/icon_$INFO[ListItem.Property(foldericon)].png</texture>
								</control>
								<control type="label">
									<posx>56</posx>
									<width>800</width>
									<include>BrowseLongLineLabelProperties</include>
									<label>$INFO[ListItem.Label]</label>
									<textcolor>mediumgreyheidi</textcolor>
									<selectedcolor>mediumgreyheidi</selectedcolor>
								</control>
							</control>
							<control type="group">
								<visible>Control.HasFocus(42)</visible>
								<control type="image">
									<width>884</width>
									<height>56</height>
									<texture srcborder="24" border="16">button-focused.png</texture>
								</control>
								<control type="image">
									<visible>!IsEmpty(ListItem.Property(foldericon))</visible>
									<include>BrowseLineSmallIconPropertiesFocus</include>
									<texture>icons/icon_$INFO[ListItem.Property(foldericon)].png</texture>
									<colordiffuse>whiteheidi</colordiffuse>
								</control>
								<control type="label">
									<posx>56</posx>
									<width>800</width>
									<include>BrowseLongLineLabelProperties</include>
									<label>$INFO[ListItem.Label]</label>
									<textcolor>whiteheidi</textcolor>
									<selectedcolor>whiteheidi</selectedcolor>
								</control>
							</control>
						</focusedlayout>
					</control>
					<!--<control type="scrollbar" id="60">
						<visible>Control.IsVisible(42)</visible>
						<posx>900</posx>
						<posy>2</posy>
						<width>12</width>
						<height>560</height>
						<include>ScrollBarCommonProperties</include>
					</control>-->
				</control>
			</control>
		</control>
	</controls>
</window>
