﻿<?xml version="1.0"?>
<window id="10477">
	<defaultcontrol always="true">10</defaultcontrol>
	<controls>
		<control type="group">
			<posx>496</posx>
			<posy>-28</posy>
			<control type="group">
				<animation effect="fade" time="200">WindowOpen</animation>
				<animation effect="fade" time="200">WindowClose</animation>
				<control type="group">
					<control type="button" id="10">
						<posx>0</posx>
						<posy>0</posy>
						<width>24</width>
						<height>24</height>
						<onup>Dialog.Close(477)</onup>
						<ondown>Dialog.Close(477)</ondown>
						<onright>20</onright>
						<onleft>-</onleft>
						<texturenofocus>universal/graphic-parts-moveup.png</texturenofocus>
						<texturefocus diffuse="colors/color-blue.png">universal/graphic-parts-moveup.png</texturefocus>
						<textureclick diffuse="colors/color-blue.png">universal/graphic-parts-moveup.png</textureclick>
						<onclick>-</onclick>
						<label></label>
						<aligny>center</aligny>
						<textoffsetx>42</textoffsetx>
						<textcolor>grey</textcolor>
						<focusedcolor>white</focusedcolor>
						<font>font16b</font>
					</control>
					<!-- Remove shortcut -->
					<control type="button" id="20">
						<posx>32</posx>
						<posy>0</posy>
						<width>24</width>
						<height>24</height>
						<onup>Dialog.Close(477)</onup>
						<ondown>Dialog.Close(477)</ondown>
						<onright>-</onright>
						<onleft>10</onleft>
						<texturenofocus>universal/graphic-parts-minus.png</texturenofocus>
						<texturefocus diffuse="colors/color-blue.png">universal/graphic-parts-minus.png</texturefocus>
						<textureclick diffuse="colors/color-blue.png">universal/graphic-parts-minus.png</textureclick>
						<onclick>-</onclick>
						<label></label>
						<aligny>center</aligny>
						<textoffsetx>42</textoffsetx>
						<textcolor>grey</textcolor>
						<focusedcolor>white</focusedcolor>
						<font>font16b</font>
					</control>
					<control type="button" id="30">
						<visible>false</visible>
						<posx>15</posx>
						<posy>130</posy>
						<width>40</width>
						<height>40</height>
						<onup>20</onup>
						<ondown>-</ondown>
						<onright>-</onright>
						<onleft>-</onleft>
						<texturenofocus>-</texturenofocus>
						<texturefocus>-</texturefocus>
						<textureclick>-</textureclick>
						<label>$LOCALIZE[222]</label>
						<aligny>center</aligny>
						<textoffsetx>40</textoffsetx>
						<textcolor>grey</textcolor>
						<focusedcolor>green</focusedcolor>
						<font>font18b</font>
						<onclick>Dialog.Close</onclick>
					</control>
				</control>
			</control>
		</control>
	</controls>
</window>
