<?xml version="1.0"?>
<window id="401">
	<onload>Skin.SetString(MediaAction,Overview)</onload>
	<defaultcontrol always="true">6020</defaultcontrol>
	<allowoverlay>no</allowoverlay>

	<controls>
		<control type="group">
			<include>Popup_Delay</include>
			<!-- Dummy container for Item Info -->
			<control type="list" id="5000">
				<description>info</description>
				<posx>0</posx>
				<posy>0</posy>
				<width>0</width>
				<height>0</height>
				<visible>false</visible>
				<itemlayout height="0">
				</itemlayout>
				<focusedlayout height="0">
				</focusedlayout>
			</control>
			<control type="image">
				<visible>!Container(5000).ListItem.property(IsMovie) + !Container(5000).ListItem.property(IsMusic)</visible>
				<posx>0</posx>
				<posy>0</posy>
				<width>1280</width>
				<height>720</height>
				<texture>black.png</texture>
				<colordiffuse>88FFFFFF</colordiffuse>
			</control>
			<!-- MOVIE -->
			<control type="group">
				<visible>Container(5000).ListItem.property(IsMovie) + [!Container(5000).ListItem.property(IsRss) | !IsEmpty(Container(5000).ListItem.property(boxee-mediatype))] + !Container(5000).ListItem.property(IsTVShow) + !Container(5000).ListItem.property(IsMusic)</visible>

				<control type="image">
					<posx>0</posx>
					<posy>0</posy>
					<width>1280</width>
					<height>720</height>
					<texture>background/background.jpg</texture>
				</control>
		                <control type="image">
		                        <posx>0</posx>
		                        <posy>0</posy>
		                        <width>1280</width>
		                        <height>720</height>
					<aspectratio>scale</aspectratio>
					<texture background="true">$INFO[Container(5000).ListItem.Path,,fanart.jpg]</texture>
		                </control>
				<control type="image">
					<posx>0</posx>
					<posy>0</posy>
					<width>1280</width>
					<height>720</height>
					<texture>../720p/resources/background/bg-browse-overlay.png</texture>
				</control>

				<control type="label">
					<visible>!ControlGroup(6120).HasFocus + !Control.HasFocus(4000)</visible>
					<posx>62</posx>
					<posy>24</posy>
					<width>232</width>
					<height>40</height>
					<font>font21b</font>
					<textcolor>mediumgreyheidi</textcolor>
					<align>left</align>
					<aligny>top</aligny>
					<label>[UPPERCASE][B]$LOCALIZE[20338][/B][/UPPERCASE]</label>
				</control>
				<control type="label">
					<visible>ControlGroup(6120).HasFocus | Control.HasFocus(4000)</visible>
					<posx>62</posx>
					<posy>24</posy>
					<width>232</width>
					<height>40</height>
					<font>font21b</font>
					<textcolor>boxeegreenheidi</textcolor>
					<align>left</align>
					<aligny>top</aligny>
					<label>[UPPERCASE][B]$LOCALIZE[20338][/B][/UPPERCASE]</label>
				</control>
				<control type="image">
					<animation effect="slide" start="0,0" end="0,-72" time="0" condition="!boxee.HasInternetConnection">Conditional</animation>
					<animation effect="slide" start="0,0" end="0,-60" time="0" condition="Container(5000).ListItem.Property(IsTrailer)">Conditional</animation>
					<animation effect="slide" start="0,0" end="0,72" time="0" condition="Container(5000).ListItem.Property(haslink-free-local)">Conditional</animation>
					<animation effect="slide" start="0,0" end="0,60" time="0" condition="Container(5000).ListItem.Property(isBlurayFolder) | Container(5000).ListItem.Property(isDvdFolder)">Conditional</animation>
					<animation effect="slide" start="0,0" end="0,72" time="0" condition="Window.IsActive(boxee_browse_local.xml)">Conditional</animation>
					<posx>32</posx>
					<posy>313</posy>
					<width>232</width>
					<height>33</height>
					<texture>browse/graphic-divider-horz-232.png</texture>
				</control>
				<control type="list" id="4000">
					<animation effect="slide" start="0,0" end="0,-72" time="0" condition="!boxee.HasInternetConnection">Conditional</animation>
					<animation effect="slide" start="0,0" end="0,-60" time="0" condition="Container(5000).ListItem.Property(IsTrailer)">Conditional</animation>
					<animation effect="slide" start="0,0" end="0,72" time="0" condition="Container(5000).ListItem.Property(haslink-free-local)">Conditional</animation>
					<animation effect="slide" start="0,0" end="0,60" time="0" condition="Container(5000).ListItem.Property(isBlurayFolder) | Container(5000).ListItem.Property(isDvdFolder)">Conditional</animation>
					<animation effect="slide" start="0,0" end="0,72" time="0" condition="Window.IsActive(boxee_browse_local.xml)">Conditional</animation>
					<posx>48</posx>
					<posy>342</posy>
					<width>200</width>
					<height>400</height>
					<onup>6120</onup>
					<ondown>-</ondown>
					<onleft>-</onleft>
					<onright>6020</onright>
					<orientation>vertical</orientation>
					<pagecontrol>25</pagecontrol>
					<scrolltime>200</scrolltime>
					<itemlayout height="60">
						<control type="image">
							<visible>ListItem.IsSelected</visible>
							<posx>0</posx>
							<posy>0</posy>
							<width>200</width>
							<height>48</height>
							<texture srcborder="24" border="16">button-on.png</texture>
						</control>
						<control type="label">
							<posx>16</posx>
							<posy>-1</posy>
							<width>200</width>
							<height>48</height>
							<align>left</align>
							<aligny>center</aligny>
							<font>font24b</font>
							<textcolor>mediumgreyheidi</textcolor>
							<label>[B]$INFO[ListItem.Label][/B]</label>
						</control>
					</itemlayout>
					<focusedlayout height="60">
						<control type="image">
							<visible>ListItem.IsSelected</visible>
							<posx>0</posx>
							<posy>0</posy>
							<width>200</width>
							<height>48</height>
							<texture srcborder="24" border="16">button-on.png</texture>
						</control>
						<control type="group">
							<visible>Control.HasFocus(4000)</visible>
							<control type="image">
								<posx>0</posx>
								<posy>0</posy>
								<width>200</width>
								<height>48</height>
								<texture srcborder="24" border="16">button-focused.png</texture>
							</control>
							<control type="label">
								<posx>16</posx>
								<posy>-1</posy>
								<width>200</width>
								<height>48</height>
								<align>left</align>
								<aligny>center</aligny>
								<font>font24b</font>
								<textcolor>whiteheidi</textcolor>
								<label>[B]$INFO[ListItem.Label][/B]</label>
							</control>
						</control>
						<control type="group">
							<visible>!Control.HasFocus(4000)</visible>
							<control type="label">
								<posx>16</posx>
								<posy>-1</posy>
								<width>200</width>
								<height>48</height>
								<align>left</align>
								<aligny>center</aligny>
								<font>font24b</font>
								<textcolor>mediumgreyheidi</textcolor>
								<label>[B]$INFO[ListItem.Label][/B]</label>
							</control>
						</control>
					</focusedlayout>
				</control>
				<!-- TITLE -->
				<control type="label">
					<posx>302</posx>
					<posy>48</posy>
					<width>960</width>
					<height>70</height>
					<font>font40bls</font>
					<align>left</align>
					<aligny>top</aligny>
					<label>[B]$INFO[Container(5000).ListItem.Label][/B]</label>
					<textcolor>whiteheidi</textcolor>
					<wrapmultiline>false</wrapmultiline>
				</control>
				<!-- OVERVIEW -->
				<control type="group">
					<visible>!stringcompare(skin.string(MediaAction),CastCrew) + !stringcompare(skin.string(MediaAction),Related)</visible>
					<control type="label">
						<visible>!Control.HasFocus(6020)</visible>
						<posx>302</posx>
						<posy>26</posy>
						<width min="50" max="250">auto</width>
						<height>30</height>
						<wrapmultiline>false</wrapmultiline>
						<font>font20b</font>
						<textcolor>mediumgreyheidi</textcolor>
						<align>left</align>
						<aligny>top</aligny>
						<label>[UPPERCASE][B]$LOCALIZE[90452][/B][/UPPERCASE]</label>
					</control>
					<control type="label">
						<visible>Control.HasFocus(6020)</visible>
						<posx>302</posx>
						<posy>26</posy>
						<width min="50" max="250">auto</width>
						<height>30</height>
						<wrapmultiline>false</wrapmultiline>
						<font>font20b</font>
						<textcolor>boxeegreenheidi</textcolor>
						<align>left</align>
						<aligny>top</aligny>
						<label>[UPPERCASE][B]$LOCALIZE[90452][/B][/UPPERCASE]</label>
					</control>
					<control type="largeimage">
						<visible>!IsEmpty(Container(5000).ListItem.Thumb) + !stringcompare(Container(5000).ListItem.Property(FeedTypeItem),featured)</visible>
						<posx>295</posx>
						<posy>122</posy>
						<width>204</width>
						<height>296</height>
						<bordertexture srcborder="21" border="14">browse/bg-dropshadow-2.png</bordertexture>
						<bordersize>7</bordersize>
						<texture fallback="browse/thumbnail-default-movie.png" blend="false">$INFO[Container(5000).ListItem.Thumb]</texture>
						<aspectratio>scale</aspectratio>
					</control>
					<control type="largeimage">
						<visible>stringcompare(Container(5000).ListItem.Property(FeedTypeItem),featured) + !IsEmpty(Container(5000).ListItem.Property(ResolveThumb))</visible>
						<posx>295</posx>
						<posy>122</posy>
						<width>204</width>
						<height>296</height>
						<bordertexture srcborder="21" border="14">browse/bg-dropshadow-2.png</bordertexture>
						<bordersize>7</bordersize>
						<texture fallback="browse/thumbnail-default-movie.png" blend="false">$INFO[Container(5000).ListItem.Property(ResolveThumb)]</texture>
						<aspectratio>scale</aspectratio>
					</control>
					<control type="image">
						<visible>IsEmpty(Container(5000).ListItem.Thumb) | [stringcompare(Container(5000).ListItem.Property(FeedTypeItem),featured) + IsEmpty(Container(5000).ListItem.Property(ResolveThumb))]</visible>
						<posx>295</posx>
						<posy>122</posy>
						<width>204</width>
						<height>296</height>
						<bordertexture srcborder="21" border="14">browse/bg-dropshadow-2.png</bordertexture>
						<bordersize>7</bordersize>
						<texture fallback="browse/thumbnail-default-movie.png" blend="false">browse/thumbnail-default-movie.png</texture>
						<aspectratio>scale</aspectratio>
					</control>
					<control type="grouplist">
						<posx>297</posx>
						<posy>418</posy>
						<width>304</width>
						<height>450</height>
						<orientation>horizontal</orientation>
						<itemgap>9</itemgap>
						<usecontrolcoords>true</usecontrolcoords>
						<!-- ROTTEN TOMATOES -->
						<control type="grouplist">
							<visible>Container(5000).ListItem.Property(rt-has-critics-info)</visible>
							<orientation>horizontal</orientation>
							<itemgap>0</itemgap>
							<usecontrolcoords>true</usecontrolcoords>
							<control type="image">
								<visible>IntegerGreaterThan(Container(5000).ListItem.Property(rt-critics-score),60)</visible>
								<posx>0</posx>
								<posy>0</posy>
								<width>40</width>
								<height>40</height>
								<texture>browse/graphic-rotten-good.png</texture>
							</control>
							<control type="image">
								<visible>!IntegerGreaterThan(Container(5000).ListItem.Property(rt-critics-score),60)</visible>
								<posx>0</posx>
								<posy>0</posy>
								<width>40</width>
								<height>40</height>
								<texture>browse/graphic-rotten-bad.png</texture>
							</control>
							<control type="label">
								<posy>2</posy>
								<width min="0" max="100">auto</width>
								<height min="0" max="40">auto</height>
								<align>left</align>
								<aligny>top</aligny>
								<font>font26b</font>
								<textcolor>lightgreyheidi</textcolor>
								<label>[UPPERCASE][B]$INFO[Container(5000).ListItem.Property(rt-critics-score)][/UPPERCASE][/B]</label>
							</control>
							<control type="label">
								<posy>7</posy>
								<width min="0" max="100">auto</width>
								<height min="0" max="40">auto</height>
								<align>left</align>
								<aligny>top</aligny>
								<font>font20</font>
								<textcolor>lightgreyheidi</textcolor>
								<label>%</label>
							</control>
						</control>
						<control type="grouplist">
							<visible>!stringcompare(Container(5000).ListItem.Property(videorating),0)</visible>
							<orientation>horizontal</orientation>
							<itemgap>0</itemgap>
							<usecontrolcoords>true</usecontrolcoords>
							<control type="image">
								<posx>0</posx>
								<posy>7</posy>
								<width>48</width>
								<height>28</height>
								<texture>browse/graphic-imdb.png</texture>
							</control>
							<control type="label">
								<posy>2</posy>
								<width min="0" max="100">auto</width>
								<height min="0" max="40">auto</height>
								<align>left</align>
								<aligny>top</aligny>
								<font>font26b</font>
								<textcolor>lightgreyheidi</textcolor>
								<label>[UPPERCASE][B]$INFO[Container(5000).ListItem.Property(videorating)][/UPPERCASE][/B]</label>
							</control>
						</control>
					</control>
					<control type="grouplist">
						<posx>520</posx>
						<posy>121</posy>
						<width>720</width>
						<orientation>vertical</orientation>
						<itemgap>10</itemgap>
						<usecontrolcoords>true</usecontrolcoords>
						<control type="label">
							<visible>!IsEmpty(Container(5000).ListItem.Duration)</visible>
							<posy>0</posy>
							<width>700</width>
							<height min="0" max="40">auto</height>
							<font>font24b</font>
							<align>left</align>
							<aligny>top</aligny>
							<label>$INFO[formattime(Container(5000).ListItem.Duration min),, $LOCALIZE[51818]]$INFO[Container(5000).ListItem.Year, · ,]$INFO[Container(5000).ListItem.MPAA, · $LOCALIZE[563] ,]</label>
							<textcolor>whiteheidi</textcolor>
							<wrapmultiline>false</wrapmultiline>
						</control>
						<control type="label">
							<visible>IsEmpty(Container(5000).ListItem.Duration) + !IsEmpty(Container(5000).ListItem.Year)</visible>
							<posy>0</posy>
							<width>700</width>
							<height min="0" max="40">auto</height>
							<font>font24b</font>
							<align>left</align>
							<aligny>top</aligny>
							<label>$INFO[Container(5000).ListItem.Year,,]$INFO[Container(5000).ListItem.MPAA, · $LOCALIZE[563] ,]</label>
							<textcolor>whiteheidi</textcolor>
							<wrapmultiline>false</wrapmultiline>
						</control>
						<control type="label">
							<visible>IsEmpty(Container(5000).ListItem.Duration) + IsEmpty(Container(5000).ListItem.Year) + !IsEmpty(Container(5000).ListItem.MPAA)</visible>
							<posy>0</posy>
							<width>700</width>
							<height min="0" max="40">auto</height>
							<font>font24b</font>
							<align>left</align>
							<aligny>top</aligny>
							<label>$INFO[Container(5000).ListItem.MPAA,$LOCALIZE[563] ,]</label>
							<textcolor>whiteheidi</textcolor>
							<wrapmultiline>false</wrapmultiline>
						</control>
						<control type="label">
							<width>700</width>
							<height min="0" max="130">auto</height>
							<font>font24bex</font>
							<align>left</align>
							<aligny>top</aligny>
							<label>$INFO[Container(5000).ListItem.PlotOutline]</label>
							<textcolor>lightgreyheidi</textcolor>
							<wrapmultiline>true</wrapmultiline>
						</control>
						<!-- Director -->
						<control type="label">
							<visible>!IsEmpty(Container(5000).ListItem.Director)</visible>
							<width>700</width>
							<height min="0" max="20">auto</height>
							<font>font24bex</font>
							<align>left</align>
							<aligny>top</aligny>
							<label>$LOCALIZE[20339]$INFO[Container(5000).ListItem.Director, ,]</label>
							<textcolor>lightgreyheidi</textcolor>
						</control>
						<!-- Cast -->
						<control type="label">
							<visible>!IsEmpty(Container(5000).ListItem.property(cast))</visible>
							<width>700</width>
							<height min="0" max="20">auto</height>
							<font>font24bex</font>
							<align>left</align>
							<aligny>top</aligny>
							<label>$LOCALIZE[54042]$INFO[Container(5000).ListItem.property(cast), ,]</label>
							<textcolor>lightgreyheidi</textcolor>
							<!--<wrapmultiline>true</wrapmultiline> MAKES LABEL DISAPPEAR-->
						</control>
					</control>
					<control type="image">
						<posx>495</posx>
						<posy>369</posy>
						<width>816</width>
						<height>24</height>
						<texture>mediaaction/graphic-divider-right.png</texture>
					</control>
					<control type="largeimage">
						<posx>523</posx>
						<posy>404</posy>
						<visible>!IsEmpty(container(5000).ListItem.Property(user_message))</visible>
						<width>64</width>
						<height>64</height>
						<texture diffuse="masks/mask-osd-album-cover.png">$INFO[Container(5000).ListItem.Property(user_thumb)]</texture>
						<aspectratio scalediffuse="true">scale</aspectratio>
					</control>
					<control type="group">
						<visible>!IsEmpty(container(5000).ListItem.Property(user_message))</visible>
						<posx>497</posx>
						<posy>396</posy>
						<width>570</width>
						<height>10</height>
						<control type="grouplist">
							<posy>0</posy>
							<orientation>vertical</orientation>
							<usecontrolcoords>true</usecontrolcoords>
							<control type="label">
								<posx>102</posx>
								<width>500</width>
								<height min="0" max="78">auto</height>
								<font>font20bls</font>
								<align>left</align>
								<aligny>top</aligny>
								<textcolor>lightgreyheidi</textcolor>
								<wrapmultiline>true</wrapmultiline>
								<label>$INFO[container(5000).ListItem.Property(user_message)][CR]$INFO[container(5000).ListItem.Property(addToDiscoverDesc),, $LOCALIZE[52160] ]$INFO[container(5000).ListItem.Property(user_name)]$INFO[Window.Property(post-period-time),[CR]]</label>
							</control>
						</control>
					</control>
					<control type="image">
						<visible>!IsEmpty(container(5000).ListItem.Property(user_message))</visible>
						<posx>495</posx>
						<posy>481</posy>
						<width>816</width>
						<height>24</height>
						<texture>mediaaction/graphic-divider-right.png</texture>
					</control>
					
				</control>

				<!-- CAST AND CREW -->
				<control type="group">
					<visible>stringcompare(skin.string(MediaAction),CastCrew)</visible>
					<control type="label">
						<posx>302</posx>
						<posy>26</posy>
						<width min="50" max="250">auto</width>
						<height>30</height>
						<wrapmultiline>false</wrapmultiline>
						<font>font20b</font>
						<textcolor>mediumgreyheidi</textcolor>
						<align>left</align>
						<aligny>top</aligny>
						<label>[UPPERCASE][B]$LOCALIZE[90453][/B][/UPPERCASE]</label>
					</control>
					<!-- Director -->
					<control type="label">
						<visible>!IsEmpty(Container(5000).ListItem.Director)</visible>
						<posx>302</posx>
						<posy>122</posy>
						<width>324</width>
						<height>20</height>
						<font>font20b</font>
						<align>left</align>
						<aligny>top</aligny>
						<label>[UPPERCASE][B]$LOCALIZE[20339][/B][/UPPERCASE]</label>
						<textcolor>lightgreyheidi</textcolor>
					</control>
					<control type="label">
						<posx>302</posx>
						<posy>149</posy>
						<width>324</width>
						<height>20</height>
						<font>font24b</font>
						<align>left</align>
						<aligny>top</aligny>
						<label>$INFO[Container(5000).ListItem.Director]</label>
						<textcolor>lightgreyheidi</textcolor>
					</control>
					<!-- Writer -->
					<control type="label">
						<animation effect="slide" start="0,0" end="0,-93" time="0" condition="IsEmpty(Container(5000).ListItem.Director)">Conditional</animation>
						<visible>!IsEmpty(Container(5000).ListItem.Writer)</visible>
						<posx>302</posx>
						<posy>215</posy>
						<width>324</width>
						<height>20</height>
						<font>font20b</font>
						<align>left</align>
						<aligny>top</aligny>
						<label>[UPPERCASE][B]$LOCALIZE[20417][/B][/UPPERCASE]</label>
						<textcolor>lightgreyheidi</textcolor>
					</control>
					<control type="label">
						<animation effect="slide" start="0,0" end="0,-93" time="0" condition="IsEmpty(Container(5000).ListItem.Director)">Conditional</animation>
						<posx>302</posx>
						<posy>242</posy>
						<width>324</width>
						<height>20</height>
						<font>font24b</font>
						<align>left</align>
						<aligny>top</aligny>
						<label>$INFO[Container(5000).ListItem.Writer]</label>
						<textcolor>lightgreyheidi</textcolor>
					</control>
					<!-- Cast -->
					<control type="label">
						<visible>!control.IsEmpty(6800)</visible>
						<animation effect="slide" start="0,0" end="0,-93" time="0" condition="IsEmpty(Container(5000).ListItem.Director)">Conditional</animation>
						<animation effect="slide" start="0,0" end="0,-93" time="0" condition="IsEmpty(Container(5000).ListItem.Writer)">Conditional</animation>
						<posx>302</posx>
						<posy>308</posy>
						<width>324</width>
						<height>20</height>
						<font>font20b</font>
						<align>left</align>
						<aligny>top</aligny>
						<label>[UPPERCASE][B]$LOCALIZE[206][/B][/UPPERCASE]</label>
						<textcolor>lightgreyheidi</textcolor>
					</control>
					<control type="panel" id="6800">
						<animation effect="slide" start="0,0" end="0,-93" time="0" condition="IsEmpty(Container(5000).ListItem.Director)">Conditional</animation>
						<animation effect="slide" start="0,0" end="0,-93" time="0" condition="IsEmpty(Container(5000).ListItem.Writer)">Conditional</animation>
						<posx>302</posx>
						<posy>335</posy>
						<width>976</width>
						<height>425</height>
						<onleft>-</onleft>
						<onright>-</onright>
						<onup>-</onup>
						<ondown>-</ondown>
						<scrolltime tween="sine" easing="out">200</scrolltime>
						<itemlayout width="348" height="76">
							<control type="label">
								<posx>0</posx>
								<posy>0</posy>
								<width>348</width>
								<height>30</height>
								<align>left</align>
								<aligny>top</aligny>
								<font>font24b</font>
								<textcolor>lightgreyheidi</textcolor>
								<label>$INFO[ListItem.Label]</label>
							</control>
							<control type="label">
								<posx>0</posx>
								<posy>27</posy>
								<width>348</width>
								<height>30</height>
								<align>left</align>
								<aligny>top</aligny>
								<font>font24b</font>
								<textcolor>mediumgreyheidi</textcolor>
								<label>$INFO[ListItem.Label2]</label>
							</control>
						</itemlayout>
						<focusedlayout width="348" height="76">
							<control type="label">
								<posx>0</posx>
								<posy>0</posy>
								<width>348</width>
								<height>30</height>
								<align>left</align>
								<aligny>top</aligny>
								<font>font24b</font>
								<textcolor>lightgreyheidi</textcolor>
								<label>$INFO[ListItem.Label]</label>
							</control>
							<control type="label">
								<posx>0</posx>
								<posy>27</posy>
								<width>348</width>
								<height>30</height>
								<align>left</align>
								<aligny>top</aligny>
								<font>font24b</font>
								<textcolor>mediumgreyheidi</textcolor>
								<label>$INFO[ListItem.Label2]</label>
							</control>
						</focusedlayout>
					</control>
				</control>
				<!-- RELATED -->
				<control type="group">
					<visible>stringcompare(skin.string(MediaAction),Related)</visible>
					<control type="label">
						<posx>302</posx>
						<posy>26</posy>
						<width min="50" max="250">auto</width>
						<height>30</height>
						<wrapmultiline>false</wrapmultiline>
						<font>font20b</font>
						<textcolor>mediumgreyheidi</textcolor>
						<align>left</align>
						<aligny>top</aligny>
						<label>[UPPERCASE][B]$LOCALIZE[90454][/B][/UPPERCASE]</label>
					</control>
				</control>
			</control>
			<!-- APPS -->
			<control type="image">
				<visible>!Container(5000).ListItem.Property(IsMovie) + !Container(5000).ListItem.property(IsTVShow) + !Container(5000).ListItem.Property(IsMusic) + !IsEmpty(Container(5000).ListItem.Property(app-localpath))</visible>
				<posx>250</posx>
				<posy>158</posy>
				<width>780</width>
				<height>404</height>
				<texture srcborder="51" border="34">dialog_bg.png</texture>
			</control>
			<control type="image">
				<visible>!Container(5000).ListItem.Property(IsMovie) + !Container(5000).ListItem.property(IsTVShow) + !Container(5000).ListItem.Property(IsMusic) + !IsEmpty(Container(5000).ListItem.Property(app-localpath))</visible>
				<posx>341</posx>
				<posy>176</posy>
				<width>24</width>
				<height>368</height>
				<texture flipx="true">mediaaction/graphic-divider-quick-vert.png</texture>
			</control>
			<control type="group">
				<visible>!Container(5000).ListItem.Property(IsMovie) + !Container(5000).ListItem.property(IsTVShow) + !Container(5000).ListItem.Property(IsMusic) + !IsEmpty(Container(5000).ListItem.Property(app-localpath))</visible>
				<posx>276</posx>
				<posy>178</posy>
				<control type="label">
					<posx>108</posx>
					<posy>19</posy>
					<width>300</width>
					<height>20</height>
					<font>font20b</font>
					<textcolor>boxeegreenheidi</textcolor>
					<align>left</align>
					<aligny>top</aligny>
					<label>[UPPERCASE][B]$LOCALIZE[90450][/B][/UPPERCASE]</label>
				</control>
				<control type="grouplist">
					<posx>108</posx>
					<posy>45</posy>
					<itemgap>0</itemgap>
					<orientation>vertical</orientation>
					<usecontrolcoords>true</usecontrolcoords>
					<control type="label">
						<width>588</width>
						<height min="0" max="49">auto</height>
						<font>font40bls</font>
						<align>left</align>
						<aligny>top</aligny>
						<label>[B]$INFO[Container(5000).ListItem.Label,,][/B]</label>
						<textcolor>whiteheidi</textcolor>
						<wrapmultiline>false</wrapmultiline>
					</control>
					<control type="image">
						<posy>3</posy>
						<width>572</width>
						<height>24</height>
						<texture>mainmenu/graphic-divider-bot.png</texture>
					</control>
					<control type="label">
						<posy>7</posy>
						<width>588</width>
						<height>140</height>
						<font>font20b</font>
						<textcolor>lightgreyheidi</textcolor>
						<align>left</align>
						<aligny>top</aligny>
						<label>$INFO[Container(5000).ListItem.Property(description),,]</label>
						<wrapmultiline>true</wrapmultiline>
					</control>
				</control>
				<control type="button" id="6310">
					<posx>98</posx>
					<posy>282</posy>
					<width>608</width>
					<height>56</height>
					<onleft>6340</onleft>
					<onright>-</onright>
					<onup>-</onup>
					<ondown>-</ondown>
					<include>Button_Heidi</include>
					<label>[B]$LOCALIZE[518][/B]</label>
					<!--<label>LAUNCH</label>-->
				</control>
				<control type="group" id="6340">
					<posx>6</posx>
					<posy>15</posy>
					<control type="image">
						<visible>ControlGroup(6340).HasFocus</visible>
						<posx>-165</posx>
						<posy>0</posy>
						<width>224</width>
						<height>52</height>
						<texture srcborder="24" border="16">button-focused.png</texture>
					</control>
					<control type="button" id="6320">
						<posx>12</posx>
						<posy>8</posy>
						<width>35</width>
						<height>35</height>
						<onleft>-</onleft>
						<onright>6310</onright>
						<onup>-</onup>
						<ondown>-</ondown>
						<label>-</label>
						<textcolor>grey</textcolor>
						<focusedcolor>white</focusedcolor>
						<texturenofocus>mediaaction/icon-favorite-add-off.png</texturenofocus>
						<texturefocus>mediaaction/icon-favorite-add-on.png</texturefocus>
						<textureclick>mediaaction/icon-favorite-add-on.png</textureclick>
					</control>
					<control type="button" id="6330">
						<posx>12</posx>
						<posy>8</posy>
						<width>35</width>
						<height>35</height>
						<onleft>-</onleft>
						<onright>6310</onright>
						<onup>-</onup>
						<ondown>-</ondown>
						<label>-</label>
						<textcolor>mediumgreyheidi</textcolor>
						<focusedcolor>whiteheidi</focusedcolor>
						<texturenofocus>mediaaction/icon-favorite-remove-off.png</texturenofocus>
						<texturefocus>mediaaction/icon-favorite-remove-on.png</texturefocus>
						<textureclick>mediaaction/icon-favorite-remove-on.png</textureclick>
					</control>
					<control type="label">
						<visible>Control.IsVisible(6320)</visible>
						<visible>Control.HasFocus(6320)</visible>
						<posx>-153</posx>
						<posy>1</posy>
						<width>150</width>
						<height>48</height>
						<font>font24b</font>
						<align>left</align>
						<aligny>center</aligny>
						<textcolor>whiteheidi</textcolor>
						<label>[B]$LOCALIZE[53729][/B]</label>
						<wrapmultiline>true</wrapmultiline>
					</control>
					<control type="label">
						<visible>Control.IsVisible(6330)</visible>
						<visible>Control.HasFocus(6330)</visible>
						<posx>-153</posx>
						<posy>1</posy>
						<width>150</width>
						<height>48</height>
						<font>font22</font>
						<align>left</align>
						<aligny>center</aligny>
						<textcolor>whiteheidi</textcolor>
						<label>[B]$LOCALIZE[53730][/B]</label>
						<wrapmultiline>true</wrapmultiline>
					</control>
				</control>
			</control>

			<!-- RSS VIDEOS -->
			<control type="group">
				<visible>[Container(5000).ListItem.property(IsMovie) | Container(5000).ListItem.property(IsTVShow) |  Container(5000).ListItem.Property(isrss)] + !IsEmpty(container(5000).ListItem.Property(appid))</visible>
				<control type="image">
					<posx>0</posx>
					<posy>0</posy>
					<width>1280</width>
					<height>720</height>
					<texture>black.png</texture>
					<colordiffuse>88FFFFFF</colordiffuse>
				</control>
				<control type="image">
					<posx>250</posx>
					<posy>38</posy>
					<width>780</width>
					<height>644</height>
					<texture srcborder="51" border="34">dialog_bg.png</texture>
				</control>
				<control type="group">
					<posx>276</posx>
					<posy>58</posy>
					<control type="image">
						<posx>63</posx>
						<posy>0</posy>
						<width>24</width>
						<height>604</height>
						<texture flipx="true">mediaaction/graphic-divider-quick-vert.png</texture>
					</control>
					<!-- CLIP -->
					<control type="group">
						<control type="label">
							<posx>108</posx>
							<posy>19</posy>
							<width>300</width>
							<height>20</height>
							<font>font20b</font>
							<textcolor>boxeegreenheidi</textcolor>
							<align>left</align>
							<aligny>top</aligny>
							<label>[UPPERCASE][B]$LOCALIZE[53771][/B][/UPPERCASE]</label>
						</control>
						<control type="grouplist">
							<posx>108</posx>
							<posy>45</posy>
							<itemgap>0</itemgap>
							<orientation>vertical</orientation>
							<usecontrolcoords>true</usecontrolcoords>
							<control type="label">
								<width>588</width>
								<height min="0" max="51">auto</height>
								<font>font40bls</font>
								<align>left</align>
								<aligny>top</aligny>
								<label>[B]$INFO[Container(5000).ListItem.Label,,][/B]</label>
								<textcolor>whiteheidi</textcolor>
								<wrapmultiline>false</wrapmultiline>
							</control>
							<control type="label">
								<visible>!IsEmpty(Container(5000).ListItem.Duration)</visible>
								<width>588</width>
								<height min="0" max="100">auto</height>
								<font>font21bls</font>
								<align>left</align>
								<aligny>top</aligny>
								<label>$INFO[formattime(Container(5000).ListItem.Duration min),, $LOCALIZE[51818]]$INFO[Container(5000).ListItem.Date, · ,]</label>
								<textcolor>mediumgreyheidi</textcolor>
								<wrapmultiline>true</wrapmultiline>
							</control>
							<control type="label">
								<visible>IsEmpty(Container(5000).ListItem.Duration)</visible>
								<width>588</width>
								<height min="0" max="100">auto</height>
								<font>font21bls</font>
								<align>left</align>
								<aligny>top</aligny>
								<label>$INFO[Container(5000).ListItem.Date,,]</label>
								<textcolor>mediumgreyheidi</textcolor>
								<wrapmultiline>true</wrapmultiline>
							</control>
							<control type="image">
								<posy>3</posy>
								<width>572</width>
								<height>24</height>
								<texture>mainmenu/graphic-divider-bot.png</texture>
							</control>
							<control type="largeimage">
								<posy>10</posy>
								<visible>!IsEmpty(container(5000).ListItem.Property(user_message))</visible>
								<width>88</width>
								<height>88</height>
								<texture diffuse="masks/mask-osd-album-cover.png">$INFO[Container(5000).ListItem.Property(user_thumb)]</texture>
								<aspectratio scalediffuse="true">scale</aspectratio>
							</control>
							<control type="group">
								<visible>!IsEmpty(container(5000).ListItem.Property(user_message))</visible>
								<posx>0</posx>
								<posy>0</posy>
								<width>570</width>
								<height>10</height>
								<control type="grouplist">
									<posy>-88</posy>
									<orientation>vertical</orientation>
									<usecontrolcoords>true</usecontrolcoords>
									<control type="label">
										<posx>102</posx>
										<width>500</width>
										<height min="0" max="60">auto</height>
										<font>font20b</font>
										<align>left</align>
										<aligny>top</aligny>
										<textcolor>whiteheidi</textcolor>
										<wrapmultiline>true</wrapmultiline>
										<label>$INFO[container(5000).ListItem.Property(user_message)]</label>
									</control>
									<control type="label">
										<posx>102</posx>
										<width>440</width>
										<height min="0" max="50">auto</height>
										<font>font20b</font>
										<align>left</align>
										<aligny>top</aligny>
										<textcolor>mediumgreyheidi</textcolor>
										<label>[B]$INFO[container(5000).ListItem.Property(addToDiscoverDesc),, $LOCALIZE[52160] ]$INFO[container(5000).ListItem.Property(user_name)][/B]$INFO[Window.Property(post-period-time),[CR]]</label>
									</control>
								</control>
							</control>
							<control type="label">
								<visible>IsEmpty(container(5000).ListItem.Property(user_message))</visible>
								<posy>7</posy>
								<width>588</width>
								<height>220</height>
								<font>font20b</font>
								<textcolor>lightgreyheidi</textcolor>
								<align>left</align>
								<aligny>top</aligny>
								<label>$INFO[Container(5000).ListItem.Property(description),,]</label>
								<wrapmultiline>true</wrapmultiline>
							</control>
							<control type="label">
								<visible>!IsEmpty(container(5000).ListItem.Property(user_message))</visible>
								<posy>7</posy>
								<width>588</width>
								<height>150</height>
								<font>font20b</font>
								<textcolor>lightgreyheidi</textcolor>
								<align>left</align>
								<aligny>top</aligny>
								<label>$INFO[Container(5000).ListItem.Property(description),,]</label>
								<wrapmultiline>true</wrapmultiline>
							</control>
						</control>
					</control>
				</control>
			</control>
			<!-- EVERYTHING ELSE -->
			<control type="image">
				<visible>!Container(5000).ListItem.property(IsMovie) + !Container(5000).ListItem.property(IsMusic) + IsEmpty(container(5000).ListItem.Property(app-localpath))</visible>
				<posx>250</posx>
				<posy>38</posy>
				<width>780</width>
				<height>644</height>
				<texture srcborder="51" border="34">dialog_bg.png</texture>
			</control>
			<control type="group">
				<visible>!Container(5000).ListItem.property(IsMovie) + !Container(5000).ListItem.property(IsMusic) + IsEmpty(container(5000).ListItem.Property(app-localpath))</visible>
				<posx>276</posx>
				<posy>58</posy>
				<control type="image">
					<posx>63</posx>
					<posy>0</posy>
					<width>24</width>
					<height>604</height>
					<texture flipx="true">mediaaction/graphic-divider-quick-vert.png</texture>
				</control>
				<!-- TV SHOW -->
				<control type="group">
					<visible>Container(5000).ListItem.property(IsTVShow) + IsEmpty(container(5000).ListItem.Property(app-localpath))</visible>

					<control type="label">
						<posx>108</posx>
						<posy>19</posy>
						<width>300</width>
						<height>20</height>
						<font>font20b</font>
						<textcolor>boxeegreenheidi</textcolor>
						<align>left</align>
						<aligny>top</aligny>
						<label>[UPPERCASE][B]$LOCALIZE[90451][/B][/UPPERCASE]</label>
					</control>
					<control type="grouplist">
						<posx>108</posx>
						<posy>45</posy>
						<itemgap>0</itemgap>
						<orientation>vertical</orientation>
						<usecontrolcoords>true</usecontrolcoords>
						<control type="label">
							<width>588</width>
							<height min="0" max="51">auto</height>
							<font>font40bls</font>
							<align>left</align>
							<aligny>top</aligny>
							<label>[B]$INFO[Container(5000).ListItem.TVShowTitle,,][/B]</label>
							<textcolor>whiteheidi</textcolor>
							<wrapmultiline>false</wrapmultiline>
						</control>
						<control type="label">
							<visible>!IsEmpty(Container(5000).ListItem.Season)</visible>
							<width>588</width>
							<height min="0" max="100">auto</height>
							<font>font21bls</font>
							<align>left</align>
							<aligny>top</aligny>
							<label>$INFO[Container(5000).ListItem.Season,Season ,]$INFO[Container(5000).ListItem.Episode, · Episode ,]$INFO[formattime(Container(5000).ListItem.Duration min), · , $LOCALIZE[51818]]$INFO[Container(5000).ListItem.MPAA, · $LOCALIZE[563] ,]$INFO[Container(5000).ListItem.Property(releasedate), · Aired ,]</label>
							<textcolor>whiteheidi</textcolor>
							<wrapmultiline>true</wrapmultiline>
						</control>
						<control type="label">
							<visible>IsEmpty(Container(5000).ListItem.Season) + !IsEmpty(Container(5000).ListItem.Episode)</visible>
							<width>588</width>
							<height min="0" max="100">auto</height>
							<font>font21bls</font>
							<align>left</align>
							<aligny>top</aligny>
							<label>$INFO[Container(5000).ListItem.Episode,Episode ,]$INFO[formattime(Container(5000).ListItem.Duration min), · , $LOCALIZE[51818]]$INFO[Container(5000).ListItem.MPAA, · $LOCALIZE[563] ,]$INFO[Container(5000).ListItem.Property(releasedate), · Aired ,]</label>
							<textcolor>whiteheidi</textcolor>
							<wrapmultiline>true</wrapmultiline>
						</control>
						<control type="label">
							<visible>IsEmpty(Container(5000).ListItem.Season) + IsEmpty(Container(5000).ListItem.Episode) + !IsEmpty(Container(5000).ListItem.Duration)</visible>
							<width>588</width>
							<height min="0" max="100">auto</height>
							<font>font21bls</font>
							<align>left</align>
							<aligny>top</aligny>
							<label>$INFO[formattime(Container(5000).ListItem.Duration min),, $LOCALIZE[51818]]$INFO[Container(5000).ListItem.MPAA, · $LOCALIZE[563] ,]$INFO[Container(5000).ListItem.Property(releasedate), · Aired ,]</label>
							<textcolor>whiteheidi</textcolor>
							<wrapmultiline>true</wrapmultiline>
						</control>
						<control type="label">
							<visible>IsEmpty(Container(5000).ListItem.Season) + IsEmpty(Container(5000).ListItem.Episode) + IsEmpty(Container(5000).ListItem.Duration) + !IsEmpty(Container(5000).ListItem.MPAA)</visible>
							<width>588</width>
							<height min="0" max="100">auto</height>
							<font>font21bls</font>
							<align>left</align>
							<aligny>top</aligny>
							<label>$INFO[Container(5000).ListItem.MPAA,$LOCALIZE[563] ,]$INFO[Container(5000).ListItem.Property(releasedate), · Aired ,]</label>
							<textcolor>whiteheidi</textcolor>
							<wrapmultiline>true</wrapmultiline>
						</control>
						<control type="label">
							<visible>IsEmpty(Container(5000).ListItem.Season) + IsEmpty(Container(5000).ListItem.Episode) + IsEmpty(Container(5000).ListItem.Duration) + IsEmpty(Container(5000).ListItem.MPAA) + !IsEmpty(Container(5000).ListItem.Property(releasedate))</visible>
							<width>588</width>
							<height min="0" max="100">auto</height>
							<font>font21bls</font>
							<align>left</align>
							<aligny>top</aligny>
							<label>$INFO[Container(5000).ListItem.Property(releasedate),Aired ,]</label>
							<textcolor>whiteheidi</textcolor>
							<wrapmultiline>true</wrapmultiline>
						</control>
						<control type="image">
							<posy>3</posy>
							<width>572</width>
							<height>24</height>
							<texture>mainmenu/graphic-divider-bot.png</texture>
						</control>
						<control type="largeimage">
							<posy>10</posy>
							<visible>!IsEmpty(container(5000).ListItem.Property(user_message))</visible>
							<width>88</width>
							<height>88</height>
							<texture diffuse="masks/mask-osd-album-cover.png">$INFO[Container(5000).ListItem.Property(user_thumb)]</texture>
							<aspectratio scalediffuse="true">scale</aspectratio>
						</control>
						<control type="group">
							<visible>!IsEmpty(container(5000).ListItem.Property(user_message))</visible>
							<posx>0</posx>
							<posy>0</posy>
							<width>570</width>
							<height>10</height>
							<control type="grouplist">
								<posy>-88</posy>
								<orientation>vertical</orientation>
								<usecontrolcoords>true</usecontrolcoords>
								<control type="label">
									<posx>102</posx>
									<width>500</width>
									<height min="0" max="60">auto</height>
									<font>font20b</font>
									<align>left</align>
									<aligny>top</aligny>
									<textcolor>whiteheidi</textcolor>
									<wrapmultiline>true</wrapmultiline>
									<label>$INFO[container(5000).ListItem.Property(user_message)]</label>
								</control>
								<control type="label">
									<posx>102</posx>
									<width>440</width>
									<height min="0" max="50">auto</height>
									<font>font20b</font>
									<align>left</align>
									<aligny>top</aligny>
									<textcolor>mediumgreyheidi</textcolor>
									<label>[B]$INFO[container(5000).ListItem.Property(addToDiscoverDesc),, $LOCALIZE[52160] ]$INFO[container(5000).ListItem.Property(user_name)][/B]$INFO[Window.Property(post-period-time),[CR]]</label>
								</control>
							</control>
						</control>
						<control type="label">
							<visible>IsEmpty(container(5000).ListItem.Property(user_message))</visible>
							<posy>7</posy>
							<width>588</width>
							<height>220</height>
							<font>font20b</font>
							<textcolor>lightgreyheidi</textcolor>
							<align>left</align>
							<aligny>top</aligny>
							<label>[B]$INFO[Container(5000).ListItem.Label,,[CR]][/B]$INFO[Container(5000).ListItem.PlotOutline,,]</label>
							<wrapmultiline>true</wrapmultiline>
						</control>
						<control type="label">
							<visible>!IsEmpty(container(5000).ListItem.Property(user_message))</visible>
							<posy>7</posy>
							<width>588</width>
							<height>116</height>
							<font>font20b</font>
							<textcolor>lightgreyheidi</textcolor>
							<align>left</align>
							<aligny>top</aligny>
							<label>[B]$INFO[Container(5000).ListItem.Label,,[CR]][/B]$INFO[Container(5000).ListItem.PlotOutline,,]</label>
							<wrapmultiline>true</wrapmultiline>
						</control>
					</control>
				</control>
				<!-- CLIP -->
				<control type="group">
					<visible>!Container(5000).ListItem.property(IsTVShow) + IsEmpty(container(5000).ListItem.Property(app-localpath))</visible>
					<control type="label">
						<posx>108</posx>
						<posy>19</posy>
						<width>300</width>
						<height>20</height>
						<font>font20b</font>
						<textcolor>boxeegreenheidi</textcolor>
						<align>left</align>
						<aligny>top</aligny>
						<label>[UPPERCASE][B]$LOCALIZE[53771][/B][/UPPERCASE]</label>
					</control>
					<control type="grouplist">
						<posx>108</posx>
						<posy>45</posy>
						<itemgap>0</itemgap>
						<orientation>vertical</orientation>
						<usecontrolcoords>true</usecontrolcoords>
						<control type="label">
							<width>588</width>
							<height min="0" max="51">auto</height>
							<font>font40bls</font>
							<align>left</align>
							<aligny>top</aligny>
							<label>[B]$INFO[Container(5000).ListItem.Label,,][/B]</label>
							<textcolor>whiteheidi</textcolor>
							<wrapmultiline>false</wrapmultiline>
						</control>
						<control type="label">
							<visible>!IsEmpty(Container(5000).ListItem.Duration)</visible>
							<width>588</width>
							<height min="0" max="100">auto</height>
							<font>font21bls</font>
							<align>left</align>
							<aligny>top</aligny>
							<label>$INFO[formattime(Container(5000).ListItem.Duration min),, $LOCALIZE[51818]]$INFO[Container(5000).ListItem.Date, · ,]</label>
							<textcolor>mediumgreyheidi</textcolor>
							<wrapmultiline>true</wrapmultiline>
						</control>
						<control type="label">
							<visible>IsEmpty(Container(5000).ListItem.Duration)</visible>
							<width>588</width>
							<height min="0" max="100">auto</height>
							<font>font21bls</font>
							<align>left</align>
							<aligny>top</aligny>
							<label>$INFO[Container(5000).ListItem.Date,,]</label>
							<textcolor>mediumgreyheidi</textcolor>
							<wrapmultiline>true</wrapmultiline>
						</control>
						<control type="image">
							<posy>3</posy>
							<width>572</width>
							<height>24</height>
							<texture>mainmenu/graphic-divider-bot.png</texture>
						</control>
						<control type="largeimage">
							<posy>10</posy>
							<visible>!IsEmpty(container(5000).ListItem.Property(user_message))</visible>
							<width>88</width>
							<height>88</height>
							<texture diffuse="masks/mask-osd-album-cover.png">$INFO[Container(5000).ListItem.Property(user_thumb)]</texture>
							<aspectratio scalediffuse="true">scale</aspectratio>
						</control>
						<control type="group">
							<visible>!IsEmpty(container(5000).ListItem.Property(user_message))</visible>
							<posx>0</posx>
							<posy>0</posy>
							<width>570</width>
							<height>10</height>
							<control type="grouplist">
								<posy>-88</posy>
								<orientation>vertical</orientation>
								<usecontrolcoords>true</usecontrolcoords>
								<control type="label">
									<posx>102</posx>
									<width>460</width>
									<height min="0" max="60">auto</height>
									<font>font20b</font>
									<align>left</align>
									<aligny>top</aligny>
									<textcolor>whiteheidi</textcolor>
									<wrapmultiline>true</wrapmultiline>
									<label>$INFO[container(5000).ListItem.Property(user_message)]</label>
								</control>
								<control type="label">
									<posx>102</posx>
									<width>410</width>
									<height min="0" max="50">auto</height>
									<font>font20b</font>
									<align>left</align>
									<aligny>top</aligny>
									<textcolor>mediumgreyheidi</textcolor>
									<label>[B]$INFO[container(5000).ListItem.Property(addToDiscoverDesc),, $LOCALIZE[52160] ]$INFO[container(5000).ListItem.Property(user_name)][/B]$INFO[Window.Property(post-period-time),[CR]]</label>
								</control>
							</control>
						</control>
						<control type="label">
							<visible>IsEmpty(container(5000).ListItem.Property(user_message))</visible>
							<posy>7</posy>
							<width>588</width>
							<height>220</height>
							<font>font20b</font>
							<textcolor>lightgreyheidi</textcolor>
							<align>left</align>
							<aligny>top</aligny>
							<label>$INFO[Container(5000).ListItem.Property(description),,]</label>
							<wrapmultiline>true</wrapmultiline>
						</control>
						<control type="label">
							<visible>!IsEmpty(container(5000).ListItem.Property(user_message))</visible>
							<posy>7</posy>
							<width>588</width>
							<height>116</height>
							<font>font20b</font>
							<textcolor>lightgreyheidi</textcolor>
							<align>left</align>
							<aligny>top</aligny>
							<label>$INFO[Container(5000).ListItem.Property(description),,]</label>
							<wrapmultiline>true</wrapmultiline>
						</control>
					</control>
				</control>
			</control>
			
			<control type="image">
				<visible>Control.IsVisible(6020) + !Container(6020).ListItem.IsLast + IntegerGreaterThan(Container(6020).NumItems,2)</visible>
				<animation effect="slide" start="0,0" end="-202,34" time="0" condition="!Container(5000).ListItem.property(IsMovie) + !Container(5000).ListItem.property(IsMusic)">Conditional</animation>
				<animation effect="slide" start="0,0" end="-202,34" time="0" condition="[Container(5000).ListItem.property(IsMovie) | Container(5000).ListItem.property(IsTVShow) |  Container(5000).ListItem.Property(isrss)] + !IsEmpty(container(5000).ListItem.Property(appid))">Conditional</animation>
				<animation effect="slide" start="0,0" end="0,102" time="0" condition="[Container(5000).ListItem.property(IsMovie) + [!Container(5000).ListItem.property(IsRss) | !IsEmpty(Container(5000).ListItem.property(boxee-mediatype))] + !Container(5000).ListItem.property(IsTVShow) + !Container(5000).ListItem.property(IsMusic)] + !IsEmpty(container(5000).ListItem.Property(user_message))">Conditional</animation>
				<posx>873</posx>
				<posy>591</posy>
				<width>24</width>
				<height>16</height>
				<aspectratio>scale</aspectratio>
				<texture>mediaaction/graphic-source-arrow.png</texture>
			</control>

			<!-- PROVIDERS -->
			<control type="fixedlist" id="6020">
				<visible>!stringcompare(skin.string(MediaAction),CastCrew) + !stringcompare(skin.string(MediaAction),Related)</visible>
				<visible>!Control.IsVisible(6200)</visible>
				<animation effect="slide" start="0,0" end="-136,36" time="0" condition="!Container(5000).ListItem.property(IsMovie) + !Container(5000).ListItem.property(IsMusic)">Conditional</animation>
				<animation effect="slide" start="0,0" end="-136,36" time="0" condition="[Container(5000).ListItem.property(IsMovie) | Container(5000).ListItem.property(IsTVShow) |  Container(5000).ListItem.Property(isrss)] + !IsEmpty(container(5000).ListItem.Property(appid))">Conditional</animation>
				<animation effect="slide" start="0,0" end="0,112" time="0" condition="Container(5000).ListItem.property(IsMovie) + !IsEmpty(container(5000).ListItem.Property(user_message))">Conditional</animation>
				<posx>510</posx>
				<posy>404</posy>
				<width>750</width>
				<height>180</height>
				<onleft>6120</onleft>
				<onright>4</onright>
				<onup>-</onup>
				<ondown>-</ondown>
				<scrolltime>200</scrolltime>
				<pagecontrol>60</pagecontrol>
				<orientation>vertical</orientation>
				<itemlayout height="88">
					<control type="largeimage">
						<visible>!IsEmpty(ListItem.Property(link-providerthumb))</visible>
						<posx>24</posx>
						<posy>12</posy>
						<width>150</width>
						<height>60</height>
						<aspectratio>scale</aspectratio>
						<texture diffuse="masks/mask-channel-logo.png">$INFO[ListItem.Property(link-providerthumb)]</texture>
					</control>
					<control type="image">
						<visible>IsEmpty(ListItem.Property(link-providerthumb)) + !stringcompare(ListItem.Property(link-boxeetype),trailer)</visible>
						<posx>24</posx>
						<posy>12</posy>
						<width>150</width>
						<height>60</height>
						<aspectratio>scale</aspectratio>
						<texture diffuse="masks/mask-channel-logo.png">mediaaction/button-media-action-play.png</texture>
					</control>
					<control type="image">
						<visible>IsEmpty(ListItem.Property(link-providerthumb)) + stringcompare(ListItem.Property(link-boxeetype),trailer)</visible>
						<posx>24</posx>
						<posy>12</posy>
						<width>150</width>
						<height>60</height>
						<aspectratio>scale</aspectratio>
						<texture diffuse="masks/mask-channel-logo.png">mediaaction/thumbnail-default-trailer.png</texture>
					</control>
					<!--<control type="label">
					<visible>!IsEmpty(ListItem.Property(link-providerthumb)) + stringcompare(ListItem.Property(link-boxeetype),trailer)</visible>
					<posx>184</posx>
					<posy>6</posy>
					<width>129</width>
					<height>180</height>
					<font>font20</font>
					<align>left</align>
					<aligny>top</aligny>
					<label>$INFO[ListItem.Label2]</label>
					<textcolor>lightgreyheidi</textcolor>
					</control>-->
					<control type="label">
						<posx>186</posx>
						<posy>11</posy>
						<width>418</width>
						<height>60</height>
						<font>font28b</font>
						<align>left</align>
						<aligny>top</aligny>
						<label>[B]$INFO[ListItem.Label2][/B]</label>
						<textcolor>lightgreyheidi</textcolor>
					</control>
					<control type="label">
						<visible>IsEmpty(ListItem.Property(is-hd)) + !ListItem.Property(IsMovie) + !stringcompare(Listitem.Property(link-boxeetype),local)</visible>
						<posx>186</posx>
						<posy>42</posy>
						<width>418</width>
						<height>180</height>
						<font>font20</font>
						<align>left</align>
						<aligny>top</aligny>
						<label>$INFO[ListItem.Label]</label>
						<textcolor>mediumgreyheidi</textcolor>
						<wrapmultiline>true</wrapmultiline>
					</control>
					<control type="label">
						<visible>IsEmpty(ListItem.Property(is-hd)) + ListItem.Property(IsMovie) + !stringcompare(Listitem.Property(link-boxeetype),local)</visible>
						<posx>186</posx>
						<posy>42</posy>
						<width>530</width>
						<height>180</height>
						<font>font20</font>
						<align>left</align>
						<aligny>top</aligny>
						<label>$INFO[ListItem.Label]</label>
						<textcolor>mediumgreyheidi</textcolor>
						<wrapmultiline>true</wrapmultiline>
					</control>
					<control type="label">
						<haspath>true</haspath>
						<visible>IsEmpty(ListItem.Property(is-hd)) + !ListItem.Property(IsMovie) + stringcompare(Listitem.Property(link-boxeetype),local)</visible>
						<posx>186</posx>
						<posy>42</posy>
						<width>418</width>
						<height>180</height>
						<font>font20ls</font>
						<align>left</align>
						<aligny>top</aligny>
						<label>$INFO[ListItem.pathtoshowinmediaaction]</label>
						<textcolor>mediumgreyheidi</textcolor>
						<wrapmultiline>false</wrapmultiline>
					</control>
					<control type="label">
						<haspath>true</haspath>
						<visible>IsEmpty(ListItem.Property(is-hd)) + ListItem.Property(IsMovie) + stringcompare(Listitem.Property(link-boxeetype),local)</visible>
						<posx>186</posx>
						<posy>42</posy>
						<width>526</width>
						<height>180</height>
						<font>font20ls</font>
						<align>left</align>
						<aligny>top</aligny>
						<label>$INFO[ListItem.pathtoshowinmediaaction]</label>
						<textcolor>mediumgreyheidi</textcolor>
						<wrapmultiline>false</wrapmultiline>
					</control>
					<control type="label">
						<visible>!IsEmpty(ListItem.Property(is-hd))</visible>
						<posx>186</posx>
						<posy>42</posy>
						<width>418</width>
						<height>180</height>
						<font>font20ls</font>
						<align>left</align>
						<aligny>top</aligny>
						<label>$INFO[ListItem.Label]</label>
						<scroll>false</scroll>
						<haspath>false</haspath>
						<wrapmultiline>true</wrapmultiline>
						<textcolor>mediumgreyheidi</textcolor>
					</control>
				</itemlayout>
				<focusedlayout height="88">
					<control type="group">
						<visible>Control.HasFocus(6020)</visible>
						<control type="image">
							<visible>Container(5000).ListItem.property(IsMovie) + [!Container(5000).ListItem.property(IsRss) | !IsEmpty(Container(5000).ListItem.property(boxee-mediatype))] + !Container(5000).ListItem.property(IsTVShow) + !Container(5000).ListItem.property(IsMusic)</visible>
							<posx>12</posx>
							<posy>0</posy>
							<width>722</width>
							<height>84</height>
							<texture srcborder="24" border="16">button-focused.png</texture>
						</control>
						<control type="image">
							<visible>[Container(5000).ListItem.property(IsMovie) | Container(5000).ListItem.property(IsTVShow) |  Container(5000).ListItem.Property(isrss)] + !IsEmpty(container(5000).ListItem.Property(appid))</visible>
							<posx>12</posx>
							<posy>0</posy>
							<width>596</width>
							<height>84</height>
							<texture srcborder="24" border="16">button-focused.png</texture>
						</control>
						<control type="image">
							<visible>!Container(5000).ListItem.property(IsMovie) + !Container(5000).ListItem.property(IsMusic)</visible>
							<posx>12</posx>
							<posy>0</posy>
							<width>596</width>
							<height>84</height>
							<texture srcborder="24" border="16">button-focused.png</texture>
						</control>
						<control type="largeimage">
							<visible>!IsEmpty(ListItem.Property(link-providerthumb))</visible>
							<posx>24</posx>
							<posy>12</posy>
							<width>150</width>
							<height>60</height>
							<aspectratio>scale</aspectratio>
							<texture diffuse="masks/mask-channel-logo.png">$INFO[ListItem.Property(link-providerthumb)]</texture>
						</control>
						<control type="image">
							<visible>IsEmpty(ListItem.Property(link-providerthumb)) + !stringcompare(ListItem.Property(link-boxeetype),trailer)</visible>
							<posx>24</posx>
							<posy>12</posy>
							<width>150</width>
							<height>60</height>
							<aspectratio>scale</aspectratio>
							<texture diffuse="masks/mask-channel-logo.png">mediaaction/button-media-action-play.png</texture>
						</control>
						<control type="image">
							<visible>IsEmpty(ListItem.Property(link-providerthumb)) + stringcompare(ListItem.Property(link-boxeetype),trailer)</visible>
							<posx>24</posx>
							<posy>12</posy>
							<width>150</width>
							<height>60</height>
							<aspectratio>scale</aspectratio>
							<texture diffuse="masks/mask-channel-logo.png">mediaaction/thumbnail-default-trailer.png</texture>
						</control>
						<!--<control type="label">
						<visible>!IsEmpty(ListItem.Property(link-providerthumb)) + stringcompare(ListItem.Property(link-boxeetype),trailer)</visible>
						<posx>184</posx>
						<posy>26</posy>
						<width>129</width>
						<height>180</height>
						<font>font20</font>
						<align>left</align>
						<aligny>top</aligny>
						<label>$INFO[ListItem.Label2]</label>
						<textcolor>whiteheidi</textcolor>
						</control>-->
						<control type="label">
							<posx>186</posx>
							<posy>11</posy>
							<width>418</width>
							<height>60</height>
							<font>font28b</font>
							<align>left</align>
							<aligny>top</aligny>
							<label>[B]$INFO[ListItem.Label2][/B]</label>
							<textcolor>whiteheidi</textcolor>
						</control>
						<control type="label">
							<visible>IsEmpty(ListItem.Property(is-hd)) + !ListItem.Property(IsMovie) + !stringcompare(Listitem.Property(link-boxeetype),local)</visible>
							<posx>186</posx>
							<posy>42</posy>
							<width>418</width>
							<height>180</height>
							<font>font20</font>
							<align>left</align>
							<aligny>top</aligny>
							<label>$INFO[ListItem.Label]</label>
							<textcolor>whiteheidi</textcolor>
							<wrapmultiline>true</wrapmultiline>
						</control>
						<control type="label">
							<visible>IsEmpty(ListItem.Property(is-hd)) + ListItem.Property(IsMovie) + !stringcompare(Listitem.Property(link-boxeetype),local)</visible>
							<posx>186</posx>
							<posy>42</posy>
							<width>530</width>
							<height>180</height>
							<font>font20</font>
							<align>left</align>
							<aligny>top</aligny>
							<label>$INFO[ListItem.Label]</label>
							<textcolor>whiteheidi</textcolor>
							<wrapmultiline>true</wrapmultiline>
						</control>
						<control type="label">
							<haspath>true</haspath>
							<visible>IsEmpty(ListItem.Property(is-hd)) + !ListItem.Property(IsMovie) + stringcompare(Listitem.Property(link-boxeetype),local)</visible>
							<posx>186</posx>
							<posy>42</posy>
							<width>418</width>
							<height>180</height>
							<font>font20ls</font>
							<align>left</align>
							<aligny>top</aligny>
							<label>$INFO[ListItem.pathtoshowinmediaaction]</label>
							<textcolor>whiteheidi</textcolor>
							<wrapmultiline>false</wrapmultiline>
							<scroll>true</scroll>
						</control>
						<control type="label">
							<haspath>true</haspath>
							<visible>IsEmpty(ListItem.Property(is-hd)) + ListItem.Property(IsMovie) + stringcompare(Listitem.Property(link-boxeetype),local)</visible>
							<posx>186</posx>
							<posy>42</posy>
							<width>526</width>
							<height>180</height>
							<font>font20ls</font>
							<align>left</align>
							<aligny>top</aligny>
							<label>$INFO[ListItem.pathtoshowinmediaaction]</label>
							<textcolor>whiteheidi</textcolor>
							<wrapmultiline>false</wrapmultiline>
							<scroll>true</scroll>
						</control>
						<control type="label">
							<visible>!IsEmpty(ListItem.Property(is-hd))</visible>
							<posx>186</posx>
							<posy>42</posy>
							<width>418</width>
							<height>180</height>
							<font>font20ls</font>
							<align>left</align>
							<aligny>top</aligny>
							<label>$INFO[ListItem.Label]</label>
							<scroll>false</scroll>
							<haspath>false</haspath>
							<wrapmultiline>true</wrapmultiline>
							<textcolor>whiteheidi</textcolor>
						</control>
					</control>
					<control type="group">
						<visible>!Control.HasFocus(6020)</visible>
						<control type="largeimage">
							<visible>!IsEmpty(ListItem.Property(link-providerthumb))</visible>
							<posx>24</posx>
							<posy>12</posy>
							<width>150</width>
							<height>60</height>
							<aspectratio>scale</aspectratio>
							<texture diffuse="masks/mask-channel-logo.png">$INFO[ListItem.Property(link-providerthumb)]</texture>
						</control>
						<control type="image">
							<visible>IsEmpty(ListItem.Property(link-providerthumb)) + !stringcompare(ListItem.Property(link-boxeetype),trailer)</visible>
							<posx>24</posx>
							<posy>12</posy>
							<width>150</width>
							<height>60</height>
							<aspectratio>scale</aspectratio>
							<texture diffuse="masks/mask-channel-logo.png">mediaaction/button-media-action-play.png</texture>
						</control>
						<control type="image">
							<visible>IsEmpty(ListItem.Property(link-providerthumb)) + stringcompare(ListItem.Property(link-boxeetype),trailer)</visible>
							<posx>24</posx>
							<posy>12</posy>
							<width>150</width>
							<height>60</height>
							<aspectratio>scale</aspectratio>
							<texture diffuse="masks/mask-channel-logo.png">mediaaction/thumbnail-default-trailer.png</texture>
						</control>
						<!--<control type="label">
						<visible>!IsEmpty(ListItem.Property(link-providerthumb)) + stringcompare(ListItem.Property(link-boxeetype),trailer)</visible>
						<posx>184</posx>
						<posy>6</posy>
						<width>129</width>
						<height>180</height>
						<font>font20</font>
						<align>left</align>
						<aligny>top</aligny>
						<label>$INFO[ListItem.Label2]</label>
						<textcolor>lightgreyheidi</textcolor>
						</control>-->
						<control type="label">
							<posx>186</posx>
							<posy>11</posy>
							<width>418</width>
							<height>60</height>
							<font>font28b</font>
							<align>left</align>
							<aligny>top</aligny>
							<label>[B]$INFO[ListItem.Label2][/B]</label>
							<textcolor>lightgreyheidi</textcolor>
						</control>
						<control type="label">
							<visible>IsEmpty(ListItem.Property(is-hd)) + !ListItem.Property(IsMovie) + !stringcompare(Listitem.Property(link-boxeetype),local)</visible>
							<posx>186</posx>
							<posy>42</posy>
							<width>418</width>
							<height>180</height>
							<font>font20</font>
							<align>left</align>
							<aligny>top</aligny>
							<label>$INFO[ListItem.Label]</label>
							<textcolor>mediumgreyheidi</textcolor>
							<wrapmultiline>true</wrapmultiline>
						</control>
						<control type="label">
							<visible>IsEmpty(ListItem.Property(is-hd)) + ListItem.Property(IsMovie) + !stringcompare(Listitem.Property(link-boxeetype),local)</visible>
							<posx>186</posx>
							<posy>42</posy>
							<width>530</width>
							<height>180</height>
							<font>font20</font>
							<align>left</align>
							<aligny>top</aligny>
							<label>$INFO[ListItem.Label]</label>
							<textcolor>mediumgreyheidi</textcolor>
							<wrapmultiline>true</wrapmultiline>
						</control>
						<control type="label">
							<haspath>true</haspath>
							<visible>IsEmpty(ListItem.Property(is-hd)) + !ListItem.Property(IsMovie) + stringcompare(Listitem.Property(link-boxeetype),local)</visible>
							<posx>186</posx>
							<posy>42</posy>
							<width>418</width>
							<height>180</height>
							<font>font20ls</font>
							<align>left</align>
							<aligny>top</aligny>
							<label>$INFO[ListItem.pathtoshowinmediaaction]</label>
							<textcolor>mediumgreyheidi</textcolor>
							<wrapmultiline>false</wrapmultiline>
						</control>
						<control type="label">
							<haspath>true</haspath>
							<visible>IsEmpty(ListItem.Property(is-hd)) + ListItem.Property(IsMovie) + stringcompare(Listitem.Property(link-boxeetype),local)</visible>
							<posx>186</posx>
							<posy>42</posy>
							<width>526</width>
							<height>180</height>
							<font>font20ls</font>
							<align>left</align>
							<aligny>top</aligny>
							<label>$INFO[ListItem.pathtoshowinmediaaction]</label>
							<textcolor>mediumgreyheidi</textcolor>
							<wrapmultiline>false</wrapmultiline>
						</control>
						<control type="label">
							<visible>!IsEmpty(ListItem.Property(is-hd))</visible>
							<posx>186</posx>
							<posy>42</posy>
							<width>418</width>
							<height>180</height>
							<font>font20ls</font>
							<align>left</align>
							<aligny>top</aligny>
							<label>$INFO[ListItem.Label]</label>
							<scroll>false</scroll>
							<haspath>false</haspath>
							<wrapmultiline>true</wrapmultiline>
							<textcolor>mediumgreyheidi</textcolor>
						</control>
					</control>
				</focusedlayout>
			</control>
			<!-- Media NO Playback Items -->
			<control type="group">
				<visible>IsEmpty(container(5000).ListItem.Property(app-localpath)) + !Window.Property(has-playable-links)</visible>
				<posx>388</posx>
				<posy>542</posy>
				<width>548</width>
				<height>80</height>
				<control type="group">
					<visible>true + !container(5000).ListItem.Property(islivetv)</visible>
					<control type="label">
						<visible>container(5000).ListItem.Property(isloaded)</visible>
						<width>548</width>
						<height>80</height>
						<font>font26b</font>
						<align>left</align>
						<aligny>top</aligny>
						<label>$LOCALIZE[51677]</label>
						<textcolor>yellow</textcolor>
						<wrapmultiline>true</wrapmultiline>
					</control>
					<control type="label">
						<visible>!container(5000).ListItem.Property(isloaded)</visible>
						<width>548</width>
						<height>80</height>
						<font>font26b</font>
						<align>left</align>
						<aligny>top</aligny>
						<label>$LOCALIZE[51678]</label>
						<textcolor>white</textcolor>
						<wrapmultiline>true</wrapmultiline>
					</control>
				</control>
			</control>
			<!-- ACTION MENU -->
			<control type="group" id="6120">
				<!-- MOVIE -->
				<control type="list" id="6121">
					<animation effect="slide" start="0,0" end="61,-18" condition="!Container(5000).ListItem.property(IsMovie) + !Container(5000).ListItem.property(IsMusic)">Conditional</animation>
					<animation effect="slide" start="0,0" end="61,-18" condition="[Container(5000).ListItem.property(IsMovie) | Container(5000).ListItem.property(IsTVShow) |  Container(5000).ListItem.Property(isrss)] + !IsEmpty(container(5000).ListItem.Property(appid))">Conditional</animation>
					<visible>Container(5000).ListItem.property(IsMovie) + [!Container(5000).ListItem.property(IsRss) | !IsEmpty(Container(5000).ListItem.property(boxee-mediatype))] + !Container(5000).ListItem.property(IsTVShow) + !Container(5000).ListItem.property(IsMusic)</visible>
					<posx>48</posx>
					<posy>126</posy>
					<width>224</width>
					<height>300</height>
					<onup>-</onup>
					<onright>6020</onright>
					<onleft>-</onleft>
					<ondown>4000</ondown>
					<scrolltime>200</scrolltime>
					<pagecontrol>-</pagecontrol>
					<orientation>vertical</orientation>
					<itemlayout height="60">
						<control type="image">
							<posx>13</posx>
							<posy>13</posy>
							<width>25</width>
							<height>25</height>
							<texture>$INFO[ListItem.Thumb].png</texture>
							<colordiffuse>mediumgreyheidi</colordiffuse>
						</control>
						<control type="label">
							<posx>47</posx>
							<posy>1</posy>
							<width>180</width>
							<height>48</height>
							<align>left</align>
							<aligny>center</aligny>
							<font>font24b</font>
							<textcolor>mediumgreyheidi</textcolor>
							<label>[B]$INFO[ListItem.Label][/B]</label>
						</control>
					</itemlayout>
					<focusedlayout height="60">
						<control type="image">
							<visible>Control.HasFocus(6121)</visible>
							<posx>0</posx>
							<posy>2</posy>
							<width>200</width>
							<height>48</height>
							<texture srcborder="24" border="16">button-focused.png</texture>
						</control>
						<control type="image">
							<visible>!Control.HasFocus(6121)</visible>
							<posx>13</posx>
							<posy>13</posy>
							<width>25</width>
							<height>25</height>
							<texture>$INFO[ListItem.Thumb].png</texture>
							<colordiffuse>mediumgreyheidi</colordiffuse>
						</control>
						<control type="image">
							<visible>Control.HasFocus(6121)</visible>
							<posx>13</posx>
							<posy>13</posy>
							<width>25</width>
							<height>25</height>
							<texture>$INFO[ListItem.Thumb].png</texture>
							<colordiffuse>whiteheidi</colordiffuse>
						</control>
						<control type="label">
							<visible>!Control.HasFocus(6121)</visible>
							<posx>47</posx>
							<posy>1</posy>
							<width>180</width>
							<height>48</height>
							<align>left</align>
							<aligny>center</aligny>
							<font>font24b</font>
							<textcolor>mediumgreyheidi</textcolor>
							<label>[B]$INFO[ListItem.Label][/B]</label>
						</control>
						<control type="label">
							<visible>Control.HasFocus(6121)</visible>
							<posx>47</posx>
							<posy>1</posy>
							<width>180</width>
							<height>48</height>
							<align>left</align>
							<aligny>center</aligny>
							<font>font24b</font>
							<textcolor>whiteheidi</textcolor>
							<label>[B]$INFO[ListItem.Label][/B]</label>
						</control>
					</focusedlayout>
				</control>
				<control type="list" id="6122">
					<animation effect="slide" start="0,0" end="61,-18" condition="!Container(5000).ListItem.property(IsMovie) + !Container(5000).ListItem.property(IsMusic)">Conditional</animation>
					<animation effect="slide" start="0,0" end="61,-18" condition="[Container(5000).ListItem.property(IsMovie) | Container(5000).ListItem.property(IsTVShow) |  Container(5000).ListItem.Property(isrss)] + !IsEmpty(container(5000).ListItem.Property(appid))">Conditional</animation>
					<visible>[[Container(5000).ListItem.property(IsMovie) | Container(5000).ListItem.property(IsTVShow) |  Container(5000).ListItem.Property(isrss)] + !IsEmpty(container(5000).ListItem.Property(appid))] | [!Container(5000).ListItem.property(IsMovie) + !Container(5000).ListItem.property(IsMusic) | [[Container(5000).ListItem.property(IsMovie) | Container(5000).ListItem.property(IsTVShow) |  Container(5000).ListItem.Property(isrss)] + !IsEmpty(container(5000).ListItem.Property(appid))]]</visible>
					<posx>48</posx>
					<posy>126</posy>
					<width>224</width>
					<height>300</height>
					<onup>-</onup>
					<onright>6020</onright>
					<onleft>-</onleft>
					<ondown>4000</ondown>
					<scrolltime>200</scrolltime>
					<pagecontrol>-</pagecontrol>
					<orientation>vertical</orientation>
					<itemlayout height="60">
						<!-- RSS VIDEOS -->
						<control type="group">
							<visible>[Container(5000).ListItem.property(IsMovie) | Container(5000).ListItem.property(IsTVShow) |  Container(5000).ListItem.Property(isrss)] + !IsEmpty(container(5000).ListItem.Property(appid))</visible>
							<control type="image">
								<posx>181</posx>
								<posy>8</posy>
								<width>35</width>
								<height>35</height>
								<texture>$INFO[ListItem.Thumb].png</texture>
								<colordiffuse>mediumgreyheidi</colordiffuse>
							</control>
						</control>
						<!-- EVERYTHING ELSE -->
						<control type="group">
							<visible>!Container(5000).ListItem.property(IsMovie) + !Container(5000).ListItem.property(IsMusic) | [[Container(5000).ListItem.property(IsMovie) | Container(5000).ListItem.property(IsTVShow) |  Container(5000).ListItem.Property(isrss)] + !IsEmpty(container(5000).ListItem.Property(appid))]</visible>
							<control type="image">
								<posx>181</posx>
								<posy>8</posy>
								<width>35</width>
								<height>35</height>
								<texture>$INFO[ListItem.Thumb].png</texture>
								<colordiffuse>mediumgreyheidi</colordiffuse>
							</control>
						</control>
					</itemlayout>
					<focusedlayout height="60">
						<!-- RSS VIDEOS -->
						<control type="group">
							<visible>[Container(5000).ListItem.property(IsMovie) | Container(5000).ListItem.property(IsTVShow) |  Container(5000).ListItem.Property(isrss)] + !IsEmpty(container(5000).ListItem.Property(appid))</visible>
							<control type="image">
								<visible>Control.HasFocus(6122)</visible>
								<posx>0</posx>
								<posy>0</posy>
								<width>224</width>
								<height>52</height>
								<texture srcborder="24" border="16">button-focused.png</texture>
							</control>
							<control type="image">
								<visible>!Control.HasFocus(6122)</visible>
								<posx>181</posx>
								<posy>8</posy>
								<width>35</width>
								<height>35</height>
								<texture>$INFO[ListItem.Thumb].png</texture>
								<colordiffuse>mediumgreyheidi</colordiffuse>
							</control>
							<control type="image">
								<visible>Control.HasFocus(6122)</visible>
								<posx>181</posx>
								<posy>8</posy>
								<width>35</width>
								<height>35</height>
								<texture>$INFO[ListItem.Thumb].png</texture>
								<colordiffuse>whiteheidi</colordiffuse>
							</control>
							<control type="label">
								<visible>Control.HasFocus(6122)</visible>
								<posx>14</posx>
								<posy>1</posy>
								<width>155</width>
								<height>48</height>
								<align>left</align>
								<aligny>center</aligny>
								<font>font24b</font>
								<textcolor>whiteheidi</textcolor>
								<label>[B]$INFO[ListItem.Label][/B]</label>
							</control>
						</control>
						<!-- EVERYTHING ELSE -->
						<control type="group">
							<visible>!Container(5000).ListItem.property(IsMovie) + !Container(5000).ListItem.property(IsMusic)</visible>
							<control type="image">
								<visible>Control.HasFocus(6122)</visible>
								<posx>0</posx>
								<posy>0</posy>
								<width>224</width>
								<height>52</height>
								<texture srcborder="24" border="16">button-focused.png</texture>
							</control>
							<control type="image">
								<visible>!Control.HasFocus(6122)</visible>
								<posx>181</posx>
								<posy>8</posy>
								<width>35</width>
								<height>35</height>
								<texture>$INFO[ListItem.Thumb].png</texture>
								<colordiffuse>mediumgreyheidi</colordiffuse>
							</control>
							<control type="image">
								<visible>Control.HasFocus(6122)</visible>
								<posx>181</posx>
								<posy>8</posy>
								<width>35</width>
								<height>35</height>
								<texture>$INFO[ListItem.Thumb].png</texture>
								<colordiffuse>whiteheidi</colordiffuse>
							</control>
							<control type="label">
								<visible>Control.HasFocus(6122)</visible>
								<posx>14</posx>
								<posy>1</posy>
								<width>155</width>
								<height>48</height>
								<align>left</align>
								<aligny>center</aligny>
								<font>font24b</font>
								<textcolor>whiteheidi</textcolor>
								<label>[B]$INFO[ListItem.Label][/B]</label>
							</control>
						</control>
					</focusedlayout>
				</control>
			</control>
		</control>
		<!-- include>Window_Transition</include -->
	</controls>
</window>
