<?xml version="1.0"?>
<window id="4585" type="dialog">
	<defaultcontrol always="true">8700</defaultcontrol>
	<allowoverlay>no</allowoverlay>
	<controls>
		<include>Common_Background</include>
		<include>BoxeeLogoLogin</include>
		<control type="group" id="7000">
			<include>FTUDialog_Heidi</include>
			<!-- RIGHT SIDE - BEGIN-->
			<control type="button" id="8700">
				<include>FacebookConnect_Heidi</include>
				<posx>474</posx>
				<posy>66</posy>
				<onleft>-</onleft>
				<onright>-</onright>
				<onup>9003</onup>
				<onprev>-</onprev>
				<ondown>8701</ondown>
				<onnext>8701</onnext>
			</control>
			<control type="image">
				<visible>true + window.property(facebook-connected)</visible>
				<posx>798</posx>
				<posy>79</posy>
				<width>24</width>
				<height>24</height>
				<texture>graphic-check.png</texture>
			</control>

			<control type="button" id="8701">
				<include>TwitterConnect_Heidi</include>
				<posx>474</posx>
				<posy>136</posy>
				<onleft>-</onleft>
				<onright>-</onright>
				<onup>8700</onup>
				<onprev>-</onprev>
				<ondown>8702</ondown>
				<onnext>8702</onnext>
			</control>
			<control type="image">
				<visible>true + window.property(twitter-connected)</visible>
				<posx>798</posx>
				<posy>152</posy>
				<width>24</width>
				<height>24</height>
				<texture>graphic-check.png</texture>
			</control>

			<control type="button" id="8702">
				<include>TumblrConnect_Heidi</include>
				<posx>474</posx>
				<posy>203</posy>
				<onleft>-</onleft>
				<onright>-</onright>
				<onup>8701</onup>
				<onprev>-</onprev>
				<ondown>8704</ondown>
				<onnext>8704</onnext>
			</control>
			<control type="image">
				<visible>true + window.property(tumblr-connected)</visible>
				<posx>798</posx>
				<posy>216</posy>
				<width>24</width>
				<height>24</height>
				<texture>graphic-check.png</texture>
			</control>

			<control type="group" id="8704">
				<control type="button" id="8705">
					<posx>474</posx>
					<posy>422</posy>
					<width>312</width>
					<height>56</height>
					<include>Button_Heidi</include>
					<label>$LOCALIZE[209]</label>
					<!-- Next -->
					<onup>SetFocus(8702)</onup>
					<ondown>-</ondown>
					<onleft>2</onleft>
					<onright>-</onright>
					<onclick>-</onclick>
					<visible>Window.Property(facebook-connected) | Window.Property(twitter-connected) | Window.Property(tumblr-connected)</visible>
				</control>

				<control type="button" id="8706">
					<posx>474</posx>
					<posy>422</posy>
					<width>312</width>
					<height>56</height>
					<include>Button_Heidi</include>
					<label>$LOCALIZE[58042]</label>
					<!-- skip -->
					<onup>SetFocus(8702)</onup>
					<ondown>-</ondown>
					<onleft>2</onleft>
					<onright>-</onright>
					<onclick>-</onclick>
					<visible>!Window.Property(facebook-connected) + !Window.Property(twitter-connected) + !Window.Property(tumblr-connected)</visible>
				</control>
			</control>
			<!-- RIGHT SIDE - END-->
			<!-- LEFT SIDE - BEGIN -->
			<control type="image">
				<posx>66</posx>
				<posy>66</posy>
				<width>12</width>
				<height>12</height>
				<texture>graphic_steps_dot.png</texture>
			</control>
			<control type="image">
				<posx>82</posx>
				<posy>66</posy>
				<width>12</width>
				<height>12</height>
				<texture>graphic_steps_dot.png</texture>
			</control>
			<control type="image">
				<posx>98</posx>
				<posy>66</posy>
				<width>12</width>
				<height>12</height>
				<texture>graphic_steps_dot.png</texture>
			</control>
			<control type="image">
				<posx>114</posx>
				<posy>66</posy>
				<width>12</width>
				<height>12</height>
				<texture>graphic_steps_circle.png</texture>
			</control>
			<control type="image">
				<posx>130</posx>
				<posy>66</posy>
				<width>12</width>
				<height>12</height>
				<texture>graphic_steps_dot.png</texture>
			</control>
			<control type="label">
				<description>Header</description>
				<posx>63</posx>
				<posy>97</posy>
				<width>320</width>
				<height>200</height>
				<align>left</align>
				<aligny>top</aligny>
				<label>$LOCALIZE[55670]</label>
				<include>Header_Heidi</include>
				<wrapmultiline>true</wrapmultiline>
			</control>

			<control type="label">
				<posx>64</posx>
				<posy>203</posy>
				<width>336</width>
				<align>left</align>
				<aligny>top</aligny>
				<label>$LOCALIZE[55671]</label>
				<wrapmultiline>true</wrapmultiline>
				<include>LargeText_Heidi</include>
			</control>
			<!-- LEFT SIDE - END -->
		</control>

	</controls>
</window>
