<?xml version="1.0"?>
<window id="355">
	<defaultcontrol always="true">9104</defaultcontrol>
	<controls>
		<!-- Dummy container for Music Info -->
		<control type="list" id="5000">
			<description>info</description>
			<posx>0</posx>
			<posy>0</posy>
			<width>0</width>
			<height>0</height>
			<visible>false</visible>
			<itemlayout height="0">
		</itemlayout>
			<focusedlayout height="0">
		</focusedlayout>
		</control>
		<!-- OSD (upper + lower)-->
		<control type="group">
			<description>OSD (upper + lower)</description>
			<visible>Window.IsActive(Visualisation) + Player.HasAudio</visible>
			<animation type="WindowOpen" condition="!Window.IsVisible(DialogSeekBar.xml)">
				<effect type="fade" time="200" delay="0"/>
			</animation>
			<animation type="WindowClose" condition="!Window.IsVisible(DialogSeekBar.xml)">
				<effect type="fade" time="200" delay="0"/>
			</animation>
			<animation type="WindowOpen" condition="Window.IsVisible(DialogSeekBar.xml)">
				<effect type="fade" time="200" delay="0"/>
			</animation>
			<animation type="WindowClose" condition="Window.IsVisible(DialogSeekBar.xml)">
				<effect type="fade" time="200" delay="0"/>
			</animation>
			<!-- upper OSD -->
			<include>TopGradient</include>
			<include>OSD_Clock</include>
			<control type="group">
				<description>upper OSD</description>
				<posx>0</posx>
				<posy>0</posy>
				<control type="image">
					<visible>!IsEmpty(MusicPlayer.Cover)</visible>
					<posx>32</posx>
					<posy>32</posy>
					<width>76</width>
					<height>76</height>
					<texture diffuse="masks/mask-osd-album-cover.png">$INFO[MusicPlayer.Cover]</texture>
					<aspectratio scalediffuse="true">scale</aspectratio>
				</control>
				<control type="image">
					<visible>IsEmpty(MusicPlayer.Cover)</visible>
					<posx>32</posx>
					<posy>32</posy>
					<width>76</width>
					<height>76</height>
					<texture diffuse="masks/mask-osd-album-cover.png">boxeelogo96x96.png</texture>
					<aspectratio scalediffuse="true">scale</aspectratio>
				</control>
				<control type="label">
					<posx>117</posx>
					<posy>16</posy>
					<width>1006</width>
					<height>100</height>
					<font>font46</font>
					<textcolor>white</textcolor>
					<label>[B]$INFO[MusicPlayer.Title][/B]</label>
					<aligny>top</aligny>
					<align>left</align>
					<scroll>false</scroll>
					<wrapmultiline>true</wrapmultiline>
				</control>
				<control type="label">
					<posx>119</posx>
					<posy>75</posy>
					<width>1006</width>
					<height>100</height>
					<font>font30</font>
					<textcolor>offwhite</textcolor>
					<label>$INFO[MusicPlayer.Album]$INFO[MusicPlayer.Artist, by ]</label>
					<aligny>top</aligny>
					<align>left</align>
					<scroll>false</scroll>
					<wrapmultiline>true</wrapmultiline>
				</control>
				<!-- upper OSD - actions list -->
				<control type="list" id="9000">
					<posx>0</posx>
					<posy>0</posy>
					<width>600</width>
					<height>100</height>
					<onup>-</onup>
					<onright>-</onright>
					<onleft>-</onleft>
					<ondown>9100</ondown>
					<scrolltime>200</scrolltime>
					<pagecontrol>-</pagecontrol>
					<orientation>horizontal</orientation>
					<itemlayout width="56" height="44">
						<control type="image">
							<posx>0</posx>
							<posy>0</posy>
							<width>44</width>
							<height>44</height>
							<colordiffuse>offwhite</colordiffuse>
							<texture>$INFO[ListItem.Thumb]</texture>
						</control>
					</itemlayout>
					<focusedlayout width="56" height="44">
						<control type="image">
							<visible>!Control.HasFocus(9000)</visible>
							<posx>0</posx>
							<posy>0</posy>
							<width>44</width>
							<height>44</height>
							<colordiffuse>offwhite</colordiffuse>
							<texture>$INFO[ListItem.Thumb]</texture>
						</control>
						<control type="image">
							<visible>Control.HasFocus(9000)</visible>
							<posx>0</posx>
							<posy>0</posy>
							<width>44</width>
							<height>44</height>
							<colordiffuse>blue</colordiffuse>
							<texture>$INFO[ListItem.Thumb]</texture>
						</control>
					</focusedlayout>
					<content>
						<item>
							<controlid>9003</controlid>
							<visible>Container(5000).ListItem.Property(has-more-info)</visible>
							<onclick>-</onclick>
							<thumb>icons/icon_osd_read_more.png</thumb>
							<label>53710</label>
						</item>
					</content>
				</control>
			</control>
			<!-- lower OSD -->
			<include>BottomGradient</include>
			<include>OSD_Progress_music</include>
			<include>Seek_Indicator</include>
			<control type="group">
				<description>lower OSD</description>
				<posx>0</posx>
				<posy>580</posy>			
				<control type="grouplist" id="9150">
					<posx>28</posx>
					<posy>0</posy>
					<width>700</width>
					<height>64</height>
					<itemgap>0</itemgap>
					<onup>-</onup>
					<onleft>-</onleft>
					<onright>-</onright>
					<ondown>8100</ondown>
					<orientation>horizontal</orientation>
					<usecontrolcoords>true</usecontrolcoords>
					<control type="button" id="9102">
						<posx>11</posx>
						<posy>0</posy>
						<width>64</width>
						<height>64</height>
						<texturefocus>buttons/button-osd-stop-on.png</texturefocus>
						<texturenofocus>buttons/button-osd-stop-off.png</texturenofocus>
						<textureclick>buttons/button-osd-stop-off.png</textureclick>
						<onclick>PlayerControl(stop)</onclick>
						<onclick>Dialog.Close(354)</onclick>
						<onleft>-</onleft>
						<onright>9103</onright>
					</control>
					<control type="togglebutton" id="9103">
-                        <posx>11</posx>
-                        <posy>0</posy>
-                        <width>64</width>
-                        <height>64</height>
-                        <label>-</label>
-                        <enable>Player.canpause</enable>
						 <visible>Player.IsRadio</visible>
-                        <usealttexture>Player.Paused</usealttexture>
-                        <texturenofocus>buttons/button-osd-pause-off.png</texturenofocus>
-                        <texturefocus>buttons/button-osd-pause-on.png</texturefocus>
-                        <alttexturenofocus>buttons/button-osd-play-off.png</alttexturenofocus>
-                        <alttexturefocus>buttons/button-osd-play-on.png</alttexturefocus>
-                        <textureclick diffuse="masks/868d89.png">-</textureclick>
-                        <onclick>PlayerControl(play)</onclick>
-                        <onleft>9102</onleft>
-                        <onright>9101</onright>
-                    </control>
					<control type="button" id="9101">
						<enable>Player.canskip</enable>
						<posx>11</posx>
						<posy>0</posy>
						<width>64</width>
						<height>64</height>
						<texturefocus>buttons/button-osd-previous-on.png</texturefocus>
						<texturenofocus>buttons/button-osd-previous-off.png</texturenofocus>
						<textureclick>buttons/button-osd-previous-off.png</textureclick>
						<onclick>PlayerControl(Previous)</onclick>
						<onleft>9103</onleft>
						<onright>9104</onright>
					</control>
					<control type="button" id="9104">
						<!-- visible>!Player.IsRadio</visible -->
						<enable>Player.canskip</enable>
						<posx>11</posx>
						<posy>0</posy>
						<width>64</width>
						<height>64</height>
						<texturefocus>buttons/button-osd-next-on.png</texturefocus>
						<texturenofocus>buttons/button-osd-next-off.png</texturenofocus>
						<textureclick>buttons/button-osd-next-off.png</textureclick>
						<onclick>PlayerControl(Next)</onclick>
						<onleft>9101</onleft>
						<onright>sendclick(9155)</onright>
					</control>
					<control type="togglebutton" id="9105">
						<visible>Player.CanShuffle</visible>
						<posx>11</posx>
						<posy>0</posy>
						<width>64</width>
						<height>64</height>
						<label>-</label>
						<usealttexture>Playlist.IsRandom</usealttexture>
						<texturenofocus>buttons/button-osd-shuffle-off.png</texturenofocus>
						<texturefocus>buttons/button-osd-shuffle-on.png</texturefocus>
						<alttexturenofocus>buttons/button-osd-unshuffle-off.png</alttexturenofocus>
						<alttexturefocus>buttons/button-osd-unshuffle-on.png</alttexturefocus>
						<textureclick diffuse="masks/868d89.png">-</textureclick>
						<onclick>PlayerControl(Random)</onclick>
						<onleft>9104</onleft>
						<onright>sendclick(9156)</onright>
					</control>				
					<control type="group" id="9116">
						<description>icon_osd_repeat</description>
						<visible>Control.IsVisible(9106)</visible>
						<posx>11</posx>
						<posy>0</posy>
						<width>64</width>
						<height>64</height>
						<control type="image">
							<visible>!Playlist.IsRepeat + !Playlist.IsRepeatOne + !Control.HasFocus(9106)</visible>
							<posx>0</posx>
							<posy>0</posy>
							<width>64</width>
							<height>64</height>
							<texture>buttons/button-osd-repeat-all-off.png</texture>
						</control>
						<control type="image">
							<visible>!Playlist.IsRepeat + !Playlist.IsRepeatOne + Control.HasFocus(9106)</visible>
							<posx>0</posx>
							<posy>0</posy>
							<width>64</width>
							<height>64</height>
							<texture>buttons/button-osd-repeat-all-on.png</texture>
						</control>
						<control type="image">
							<visible>Playlist.IsRepeat + !Control.HasFocus(9106)</visible>
							<posx>0</posx>
							<posy>0</posy>
							<width>64</width>
							<height>64</height>
							<texture>buttons/button-osd-repeat-one-off.png</texture>
						</control>
						<control type="image">
							<visible>Playlist.IsRepeat + Control.HasFocus(9106)</visible>
							<posx>0</posx>
							<posy>0</posy>
							<width>64</width>
							<height>64</height>
							<texture>buttons/button-osd-repeat-one-on.png</texture>
						</control>
						<control type="image">
							<visible>Playlist.IsRepeatOne + !Control.HasFocus(9106)</visible>
							<posx>0</posx>
							<posy>0</posy>
							<width>64</width>
							<height>64</height>
							<texture>buttons/button-osd-repeat-none-off.png</texture>
						</control>
						<control type="image">
							<visible>Playlist.IsRepeatOne + Control.HasFocus(9106)</visible>
							<posx>0</posx>
							<posy>0</posy>
							<width>64</width>
							<height>64</height>
							<texture>buttons/button-osd-repeat-none-on.png</texture>
						</control>
						<control type="button" id="9106">
							<visible>Player.CanRepeat</visible>
							<posx>0</posx>
							<posy>0</posy>
							<width>38</width>
							<height>38</height>
							<label>-</label>
							<texturenofocus>-</texturenofocus>
							<texturefocus>-</texturefocus>
							<textureclick>-</textureclick>
							<onclick>PlayerControl(Repeat)</onclick>
							<ondown>8100</ondown>
							<onleft>9105</onleft>
							<onright>9110</onright>
						</control>
					</control>
					
					<!-- Custom OSD 0 -->
					<control type="group">
						<visible>Control.IsVisible(9110)</visible>
						<posx>11</posx>
						<width>64</width>
						<height>64</height>
						<control type="image" id="9121">
							<visible>!Control.HasFocus(9110)</visible>
							<posx>0</posx>
							<posy>0</posy>
							<width>64</width>
							<height>64</height>
							<info>container(5000).ListItem.Property(music-osd-ext-0-thumb-nofocus)</info>
						</control>
						<control type="image" id="9122">
							<visible>Control.HasFocus(9110)</visible>
							<posx>0</posx>
							<posy>0</posy>
							<width>64</width>
							<height>64</height>
							<info>container(5000).ListItem.Property(music-osd-ext-0-thumb-focus)</info>
						</control>
						<control type="button" id="9110">
							<visible>container(5000).ListItem.property(music-osd-ext-0-on)</visible>
							<posx>0</posx>
							<posy>0</posy>
							<width>38</width>
							<height>38</height>
							<label>-</label>
							<texturenofocus>-</texturenofocus>
							<texturefocus>-</texturefocus>
							<textureclick>-</textureclick>
							<onclick>OsdExtClick(0)</onclick>
							<ondown>8100</ondown>
							<onleft>sendclick(9157)</onleft>
							<onright>9111</onright>
						</control>
					</control>
					
					<!-- Custom OSD 1 -->
					<control type="group">
						<visible>Control.IsVisible(9111)</visible>
						<posx>11</posx>
						<width>64</width>
						<height>64</height>
						<control type="image" id="9122">
							<visible>!Control.HasFocus(9111)</visible>
							<posx>0</posx>
							<posy>0</posy>
							<width>64</width>
							<height>64</height>
					    <info>container(5000).ListItem.Property(music-osd-ext-1-thumb-nofocus)</info>
						</control>
						<control type="image"  id="9123">
							<visible>Control.HasFocus(9111)</visible>
							<posx>0</posx>
							<posy>0</posy>
							<width>64</width>
							<height>64</height>
							<info>container(5000).ListItem.Property(music-osd-ext-1-thumb-focus)</info>
						</control>
						<control type="button" id="9111">
							<visible>container(5000).ListItem.property(music-osd-ext-1-on)</visible>
							<posx>0</posx>
							<posy>0</posy>
							<width>38</width>
							<height>38</height>
							<label>-</label>
							<texturenofocus>-</texturenofocus>
							<texturefocus>-</texturefocus>
							<textureclick>-</textureclick>
							<onclick>OsdExtClick(1)</onclick>
							<ondown>8100</ondown>
							<onleft>9110</onleft>
							<onright>-</onright>
						</control>
					</control>						
				</control>
				<control type="label">
					<visible>!IsEmpty(nextitem.title)</visible>
					<posx>1265</posx>
					<posy>28</posy>
					<width>600</width>
					<height>24</height>
					<font>font34b</font>
					<textcolor>whiteheidi</textcolor>
					<label>[B]$INFO[nextitem.title,[UPPERCASE]$LOCALIZE[209][/UPPERCASE]: ,][/B]</label>
					<aligny>bottom</aligny>
					<align>right</align>
					<scroll>false</scroll>
				</control>
			</control>
		</control>
	</controls>
</window>
