<?xml version="1.0"?>
<window>
	<defaultcontrol always="true">30</defaultcontrol>
	<controls>
		<include>Common_Background</include>
		<control type="group" id="7000">
		<include>FTUDialogNoAnim_Heidi</include>
			<!-- RIGHT SIDE - BEGIN-->
			<control type="label">
				<posx>474</posx>
				<posy>56</posy>
				<width>312</width>
				<align>center</align>
				<aligny>top</aligny>
				<label>[B]$LOCALIZE[54595][/B]</label>
				<wrapmultiline>true</wrapmultiline>
				<font>font24b</font>
				<textcolor>whiteheidi</textcolor>
			</control>
			<control type="list" id="30">
				<posx>474</posx>
				<posy>106</posy>
				<width>312</width>
				<height>372</height>
				<scrolltime>200</scrolltime>
				<orientation>vertical</orientation>
				<itemlayout height="48">
					<control type="label">
						<posx>156</posx>
						<posy>-1</posy>
						<width>312</width>
						<height>48</height>
						<align>center</align>
						<aligny>center</aligny>
						<font>font20</font>
						<textcolor>mediumgreyheidi</textcolor>
						<label>$INFO[ListItem.Label]</label>
					</control>
				</itemlayout>
				<focusedlayout height="48">
					<control type="image">
						<width>312</width>
						<height>48</height>
						<texture srcborder="24" border="16">button-focused.png</texture>
					</control>
					<control type="label">
						<posx>156</posx>
						<posy>-1</posy>
						<width>312</width>
						<height>48</height>
						<align>center</align>
						<aligny>center</aligny>
						<font>font20</font>
						<textcolor>whiteheidi</textcolor>
						<label>$INFO[ListItem.Label]</label>
					</control>
				</focusedlayout>
				<content>
					<item id="1">
						<label>16:9 Widescreen</label>
						<onclick>-</onclick>
					</item>
					<item id="2">
						<label>720p</label>
						<onclick>-</onclick>
					</item>
					<item id="3">
						<label>1080p</label>
						<onclick>-</onclick>
					</item>
				</content>
			</control>
			<!-- RIGHT SIDE - END-->
			<!-- LEFT SIDE - BEGIN -->
			<control type="image">
				<posx>66</posx>
				<posy>66</posy>
				<width>12</width>
				<height>12</height>
				<texture>graphic_steps_circle.png</texture>
			</control>
			<control type="image">
				<posx>82</posx>
				<posy>66</posy>
				<width>12</width>
				<height>12</height>
				<texture>graphic_steps_dot.png</texture>
			</control>
			<control type="image">
				<posx>98</posx>
				<posy>66</posy>
				<width>12</width>
				<height>12</height>
				<texture>graphic_steps_dot.png</texture>
			</control>
			<control type="grouplist">
				<posx>62</posx>
				<posy>97</posy>
				<width>320</width>
				<height>412</height>
				<orientation>vertical</orientation>
				<itemgap>0</itemgap>
				<usecontrolcoords>true</usecontrolcoords>
				<control type="label">
					<width>320</width>
					<height min="0" max="120">auto</height>
					<align>left</align>
					<aligny>top</aligny>
					<label>[B]$LOCALIZE[54597][/B]</label>
					<include>Header_Heidi</include>
					<wrapmultiline>true</wrapmultiline>
				</control>
				<control type="label">
					<posy>10</posy>
					<width>320</width>
					<height min="0" max="288">auto</height>
					<align>left</align>
					<aligny>top</aligny>
					<label>$LOCALIZE[54596]</label>
					<wrapmultiline>true</wrapmultiline>
					<include>LargeText_Heidi</include>
				</control>
			</control>
			<!-- LEFT SIDE - END -->
		</control>
	</controls>
</window>