<?xml version="1.0"?>
<window>
	<defaultcontrol always="true">250</defaultcontrol>
	<controls>
		<include>Common_Background</include>
		<control type="image">
			<include>OnDialogOpen_ShowItem</include>
			<posx>0</posx>
			<posy>0</posy>
			<width>1280</width>
			<height>720</height>
			<texture srcborder="9" border="4">ftu/graphic-screen-calibration-frame.png</texture>
		</control>
		<control type="group" id="7000">
			<include>FTUDialogNoAnim_Heidi</include>
			<!-- RIGHT SIDE - BEGIN-->
			<control type="image">
				<posx>506</posx>
				<posy>98</posy>
				<width>248</width>
				<height>184</height>
				<texture>ftu/graphic-calibrate-tv.png</texture>
			</control>
			<control type="image">
				<posx>530</posx>
				<posy>124</posy>
				<width>200</width>
				<height>120</height>
				<texture>ftu/graphic-calibrate-tv-frame.png</texture>
			</control>
			<control type="button" id="250">
				<description>YES</description>
				<posx>474</posx>
				<posy>354</posy>
				<width>312</width>
				<height>56</height>
				<include>Button_Heidi</include>
				<label>[B]$LOCALIZE[107][/B]</label>
				<onclick>-</onclick>
				<onup>-</onup>
				<ondown>251</ondown>
			</control>
			<control type="button" id="251">
				<description>NO</description>
				<posx>474</posx>
				<posy>422</posy>
				<width>312</width>
				<height>56</height>
				<include>Button_Heidi</include>
				<label>[B]$LOCALIZE[106][/B]</label>
				<onclick></onclick>
				<onup>250</onup>
				<ondown>-</ondown>
			</control>
			<!-- RIGHT SIDE - END-->
			<!-- LEFT SIDE - BEGIN -->
			<control type="image">
				<posx>66</posx>
				<posy>66</posy>
				<width>12</width>
				<height>12</height>
				<texture>graphic_steps_circle.png</texture>
			</control>
			<control type="image">
				<posx>82</posx>
				<posy>66</posy>
				<width>12</width>
				<height>12</height>
				<texture>graphic_steps_dot.png</texture>
			</control>
			<control type="image">
				<posx>98</posx>
				<posy>66</posy>
				<width>12</width>
				<height>12</height>
				<texture>graphic_steps_dot.png</texture>
			</control>
			<control type="grouplist">
				<posx>62</posx>
				<posy>97</posy>
				<width>320</width>
				<height>412</height>
				<orientation>vertical</orientation>
				<itemgap>0</itemgap>
				<usecontrolcoords>true</usecontrolcoords>
				<control type="label">
					<width>320</width>
					<height min="0" max="120">auto</height>
					<align>left</align>
					<aligny>top</aligny>
					<label>[B]$LOCALIZE[54594][/B]</label>
					<include>Header_Heidi</include>
					<wrapmultiline>true</wrapmultiline>
				</control>
				<control type="label">
					<posy>10</posy>
					<width>320</width>
					<height min="0" max="288">auto</height>
					<align>left</align>
					<aligny>top</aligny>
					<label>$LOCALIZE[54593]</label>
					<wrapmultiline>true</wrapmultiline>
					<include>LargeText_Heidi</include>
				</control>
			</control>
			<!-- LEFT SIDE - END -->
		</control>
	</controls>
</window>