<?xml version="1.0"?>
<window type="dialog">
	<defaultcontrol always="true">8700</defaultcontrol>
	<allowoverlay>no</allowoverlay>
	<controls>
		<include>Common_Background</include>
		<!--<control type="image">
			<posx>0</posx>
			<posy>0</posy>
			<width>1280</width>
			<height>720</height>
			<texture>login/tempmock11.png</texture>
		</control>-->
		<include>BoxeeLogo</include>
		<control type="group" id="7000">
		<include>DialogNoAnim_Heidi</include>
			<!-- RIGHT SIDE - BEGIN-->
			<control type="button" id="8700">
				<include>FacebookConnect_Heidi</include>
				<posx>474</posx>
				<posy>66</posy>
				<onleft>-</onleft>
				<onright>-</onright>
				<onup>9003</onup>
				<onprev>-</onprev>
				<ondown>8701</ondown>
				<onnext>8701</onnext>
			</control>
			<control type="image">
				<!--<visible>window(4585).property(facebook-connected)</visible>-->
				<posx>798</posx>
				<posy>79</posy>
				<width>24</width>
				<height>24</height>
				<texture>graphic-check.png</texture>
			</control>
			
			<control type="button" id="8701">
				<include>TwitterConnect_Heidi</include>
				<posx>474</posx>
				<posy>136</posy>
				<onleft>-</onleft>
				<onright>-</onright>
				<onup>8700</onup>
				<onprev>-</onprev>
				<ondown>8702</ondown>
				<onnext>8702</onnext>
			</control>
			<control type="image">
				<!--<visible>window(4585).property(twitter-connected)</visible>-->
				<posx>798</posx>
				<posy>152</posy>
				<width>24</width>
				<height>24</height>
				<texture>graphic-check.png</texture>
			</control>
			
			<control type="button" id="8702">
				<include>TumblrConnect_Heidi</include>
				<posx>474</posx>
				<posy>203</posy>
				<onleft>-</onleft>
				<onright>-</onright>
				<onup>8701</onup>
				<onprev>-</onprev>
				<ondown>8704</ondown>
				<onnext>8704</onnext>
			</control>
			<control type="image">
				<!--<visible>window(4585).property(tumblr-connected)</visible>-->
				<posx>798</posx>
				<posy>216</posy>
				<width>24</width>
				<height>24</height>
				<texture>graphic-check.png</texture>
			</control>
						
			<control type="group" id="8704">
				<control type="button">
					<posx>474</posx>
					<posy>422</posy>
					<width>312</width>
					<height>56</height>
					<include>Button_Heidi</include>
					<label>[B]Next[/B]</label>
					<!-- Next -->
					<onup>SetFocus(8702)</onup>
					<ondown>-</ondown>
					<onleft>-</onleft>
					<onright>-</onright>
					<onclick>ActivateWindow(4586)</onclick>
					<visible>window(4585).property(facebook-connected) | window(4585).property(twitter-connected) | window(4585).property(tumblr-connected)</visible>
				</control>
			
				<control type="button">
					<posx>474</posx>
					<posy>422</posy>
					<width>312</width>
					<height>56</height>
					<include>Button_Heidi</include>
					<label>[B]Skip[/B]</label>
					<!-- Next -->
					<onup>SetFocus(8702)</onup>
					<ondown>-</ondown>
					<onleft>-</onleft>
					<onright>-</onright>
					<onclick>ActivateWindow(4586)</onclick>
					<visible>!window(4585).property(facebook-connected) + !window(4585).property(twitter-connected) + !window(4585).property(tumblr-connected)</visible>
				</control>
			</control>
			<!-- RIGHT SIDE - END-->
			<!-- LEFT SIDE - BEGIN -->
			<control type="image">
				<posx>66</posx>
				<posy>66</posy>
				<width>12</width>
				<height>12</height>
				<texture>graphic_steps_dot.png</texture>
			</control>
			
			<control type="image">
				<posx>82</posx>
				<posy>66</posy>
				<width>12</width>
				<height>12</height>
				<texture>graphic_steps_dot.png</texture>
			</control>
			
			<control type="image">
				<posx>98</posx>
				<posy>66</posy>
				<width>12</width>
				<height>12</height>
				<texture>graphic_steps_dot.png</texture>
			</control>
			
			<control type="image">
				<posx>114</posx>
				<posy>66</posy>
				<width>12</width>
				<height>12</height>
				<texture>graphic_steps_circle.png</texture>
			</control>
			
			<control type="image">
				<posx>130</posx>
				<posy>66</posy>
				<width>12</width>
				<height>12</height>
				<texture>graphic_steps_dot.png</texture>
			</control>
			
			<control type="label">
				<description>Header</description>
				<posx>63</posx>
				<posy>97</posy>
				<width>320</width>
				<height>200</height>
				<align>left</align>
				<aligny>top</aligny>
				<label>Make Boxee Social</label>
				<include>Header_Heidi</include>
				<wrapmultiline>true</wrapmultiline>
			</control>
			
			<control type="label">
				<posx>64</posx>
				<posy>203</posy>
				<width>336</width>
				<align>left</align>
				<aligny>top</aligny>
				<label>Get video recommendations shared by your friends, never miss out on the latest viral videos, and share back the content that you love!</label>
				<wrapmultiline>true</wrapmultiline>
				<include>LargeText_Heidi</include>
			</control>
			<!-- LEFT SIDE - END -->
		</control>
		
		<control type="group" id="9000">
			<posx>1032</posx>
			<posy>32</posy>
			<control type="button" id="9003">
				<posx>76</posx>
				<posy>0</posy>
				<width>64</width>
				<height>64</height>
				<texturefocus>actionbuttons/button-action-wifi-focused.png</texturefocus>
				<texturenofocus>actionbuttons/button-action-wifi-unfocused.png</texturenofocus>
				<onclick>ActivateWindow(NetworkSettings)</onclick>
				<onup>-</onup>
				<ondown>7000</ondown>
				<onright>9004</onright>
			</control>
			<control type="button" id="9004">
				<posx>152</posx>
				<posy>0</posy>
				<width>64</width>
				<height>64</height>
				<texturefocus>actionbuttons/button-action-shutdown-focused.png</texturefocus>
				<texturenofocus>actionbuttons/button-action-shutdown-unfocused.png</texturenofocus>
				<onclick>XBMC.ShutDown()</onclick>
				<onup>-</onup>
				<ondown>7000</ondown>
				<onleft>9003</onleft>
				<onright>-</onright>
			</control>
		</control>
		
		<!-- Back Button (Sans Animation) -->
		<control type="group">
			<control type="image">
				<posx>32</posx>
				<posy>652</posy>
				<width>36</width>
				<height>36</height>
				<texture>graphic-back-button.png</texture>
			</control>
			<control type="label" id="8610">
				<description>Back</description>
				<posx>75</posx>
				<posy>653</posy>
				<height>36</height>
				<width>300</width>
				<align>left</align>
				<aligny>center</aligny>
				<textcolor>FFEFEFEF</textcolor>
				<font>font21b</font>
				<label>[UPPERCASE]Back[/UPPERCASE]</label>
				<wrapmultiline>true</wrapmultiline>
			</control>
		</control>
		
	</controls>
</window>
