<window id="112">
	<defaultcontrol>402</defaultcontrol>
	<animation effect="fade" time="400">WindowOpen</animation>
	<animation effect="fade" time="400">WindowClose</animation>
	<coordinates>
		<system>1</system>
		<posx>30</posx>
		<posy>10</posy>
	</coordinates>
	<controls>
		<control type="group">
		<animation effect="slide" end="0,-150" time="200" condition="Window.IsVisible(FullscreenVideo) | Window.IsVisible(Visualisation)">conditional</animation>
			<control type="image">
				<posx>0</posx>
				<posy>0</posy>
				<width>500</width>
				<height>70</height>
				<colordiffuse>55FFFFFF</colordiffuse>
				<texture>grey.png</texture>
			</control>
			<control type="image">
				<posx>5</posx>
				<posy>5</posy>
				<width>490</width>
				<height>60</height>
				<colordiffuse>88FFFFFF</colordiffuse>
				<texture>black.png</texture>
			</control>
			<control type="label" id="401">
				<description>Caption Label</description>
				<posx>15</posx>
				<posy>10</posy>
				<font>font12</font>
				<align>left</align>
				<width>470</width>
				<height>20</height>
			</control>
			<control type="label" id="402">
				<description>Current Directory Label</description>
				<posx>15</posx>
				<posy>32</posy>
				<width>470</width>
				<haspath>yes</haspath>
				<font>font10</font>
			</control>
			<control type="progress" id="403">
				<description>progress control</description>
				<posx>15</posx>
				<posy>55</posy>
				<width>470</width>
				<height>4</height>
			</control>
		</control>
	</controls>
</window>