﻿<?xml version="1.0"?>
<window id="10140">
	<defaultcontrol always="true">2</defaultcontrol>
	<allowoverlay>no</allowoverlay>
	<controls>
		<control type="image" platformClass="pc">
			<posx>45</posx>
			<posy>125</posy>
			<width>1200</width>
			<height>50</height>
			<texture>black.png</texture>
			<colordiffuse>80FFFFFF</colordiffuse>
		</control>
		<control type="group">
			<posx>30</posx>
			<posy>118</posy>
			<width>1220</width>
			<height>507</height>
			<control type="image">
				<posx>0</posx>
				<posy>0</posy>
				<width>1220</width>
				<height>507</height>
				<texture border="20">menu_dialog_background.png</texture>
				<colordiffuse>FF212121</colordiffuse>
			</control>
			<control type="image">
				<posx>100</posx>
				<posy>132</posy>
				<width>1020</width>
				<height>256</height>
				<texture border="128">feather_divider.png</texture>
			</control>
			<control type="label">
				<posx>24</posx>
				<posy>54</posy>
				<width>1100</width>
				<height>56</height>
				<align>left</align>
				<aligny>center</aligny>
				<haspath>true</haspath>
				<font>font56b</font>
				<textcolor>white</textcolor>
				<label>[UPPERCASE]$LOCALIZE[5][/UPPERCASE]</label>
			</control>
			<control type="label" id="20">
				<posx>24</posx>
				<posy>112</posy>
				<width>1000</width>
				<height>28</height>
				<align>left</align>
				<aligny>top</aligny>
				<haspath>true</haspath>
				<font>font24b</font>
				<textcolor>font</textcolor>
				<label>[UPPERCASE]$LOCALIZE[1045][/UPPERCASE]</label>
			</control>
		</control>
		<control type="label" id="52">
			<description>Header Label</description>
			<posx>200</posx>
			<posy>260</posy>
			<textcolor>white</textcolor>
			<height>100</height>
			<label>-</label>
		</control>
		<control type="group" id="9000">
			<control type="grouplist" id="2">
				<description>control area</description>
				<posx>300</posx>
				<posy>300</posy>
				<width>856</width>
				<height>484</height>
				<itemgap>0</itemgap>
				<pagecontrol>90</pagecontrol>
				<onleft>3</onleft>
				<onright>-</onright>
				<onup>52</onup>
				<ondown>-</ondown>
			</control>
			<control type="button" id="3">
				<description>Default Button</description>
				<posx>0</posx>
				<posy>0</posy>
				<height>40</height>
				<font>font22</font>
				<textcolor>white</textcolor>
				<textcolor2>white</textcolor2>
				<focusedcolor>white</focusedcolor>
				<focusedcolor2>white</focusedcolor2>
				<disabledcolor>disabled</disabledcolor>
				<textoffsetx>20</textoffsetx>
				<texturenofocus border="15">button_settings_line_divider.png</texturenofocus>
				<texturefocus border="15">button_option_menu_on.png</texturefocus>
				<pulseonselect>false</pulseonselect>
			</control>
			<control type="radiobutton" id="4">
				<description>Default RadioButton</description>
				<posx>0</posx>
				<posy>0</posy>
				<height>40</height>
				<font>font22</font>
				<textcolor>white</textcolor>
				<focusedcolor>white</focusedcolor>
				<disabledcolor>disabled</disabledcolor>
				<textoffsetx>20</textoffsetx>
				<texturenofocus border="15">button_settings_line_divider.png</texturenofocus>
				<texturefocus border="15">button_option_menu_on.png</texturefocus>
				<textureradiofocus>icons/icon_checkbox_full.png</textureradiofocus>
				<textureradionofocus>icons/icon_checkbox_empty.png</textureradionofocus>
				<pulseonselect>false</pulseonselect>
				<radioposy>10</radioposy>
				<radiowidth>20</radiowidth>
				<radioheight>20</radioheight>
			</control>
			<control type="spincontrolex" id="5">
				<description>Default SpinControlex</description>
				<posx>0</posx>
				<posy>0</posy>
				<height>40</height>
				<font>font22</font>
				<textcolor>white</textcolor>
				<focusedcolor>white</focusedcolor>
				<disabledcolor>disabled</disabledcolor>
				<textoffsetx>20</textoffsetx>
				<aligny>center</aligny>
				<texturenofocus border="15">button_settings_line_divider.png</texturenofocus>
				<texturefocus border="15">button_option_menu_on.png</texturefocus>
				<textureup diffuse="nofocus.png">icons/icon_settings_arrow_up.png</textureup>
				<texturedown diffuse="nofocus.png">icons/icon_settings_arrow_down.png</texturedown>
				<textureupfocus diffuse="green.png">icons/icon_settings_arrow_up.png</textureupfocus>
				<texturedownfocus diffuse="green.png">icons/icon_settings_arrow_down.png</texturedownfocus>
				<reverse>yes</reverse>
				<pulseonselect>false</pulseonselect>
			</control>
			<control type="image" id="6">
				<description>separator image</description>
				<width>600</width>
				<height>1</height>
				<texture>grey.png</texture>
			</control>
			<control type="scrollbar" id="90">
				<posx>1218</posx>
				<posy>264</posy>
				<width>28</width>
				<height>344</height>
				<texturesliderbackground border="14">scrollbar_bg.png</texturesliderbackground>
				<textureslidernib>scrollbar_slider.png</textureslidernib>
				<textureslidernibfocus>scrollbar_slider.png</textureslidernibfocus>
				<texturesliderbar>-</texturesliderbar>
				<texturesliderbarfocus>-</texturesliderbarfocus>
				<orientation>vertical</orientation>
				<showonepage>false</showonepage>
			</control>
		</control>
	</controls>
</window>
