<?xml version="1.0"?>
<window id="10359">
	<defaultcontrol>10</defaultcontrol>
	<coordinates>
		<system>1</system>
		<posx>290</posx>
		<posy>240</posy>
	</coordinates>
	<include>dialogeffect</include>
	<controls>
		<control type="image">
			<description>background image</description>
			<posx>0</posx>
			<posy>0</posy>
			<width>700</width>
			<height>240</height>
			<colordiffuse>55FFFFFF</colordiffuse>
			<texture>grey.png</texture>
		</control>
		<control type="image">
			<description>background image</description>
			<posx>5</posx>
			<posy>5</posy>
			<width>690</width>
			<height>230</height>
			<colordiffuse>88FFFFFF</colordiffuse>
			<texture>black.png</texture>
		</control>
		<control type="label" id="1">
			<description>heading label</description>
			<posx>20</posx>
			<posy>10</posy>
			<width>660</width>
			<align>left</align>
			<font>font16</font>
			<label>13406</label>
			<textcolor>green</textcolor>
		</control>
		<control type="label" id="2">
			<description>dialog line 1</description>
			<posx>20</posx>
			<posy>60</posy>
			<width>660</width>
			<label>-</label>
			<font>font13</font>
		</control>
		<control type="label" id="3">
			<description>dialog line 2</description>
			<posx>20</posx>
			<posy>95</posy>
			<width>660</width>
			<label>-</label>
			<font>font13</font>
		</control>
		<control type="label" id="4">
			<description>dialog line 3</description>
			<posx>20</posx>
			<posy>130</posy>
			<width>660</width>
			<label>-</label>
			<font>font13</font>
		</control>
		<control type="progress" id="20">
			<description>Progressbar</description>
			<posx>20</posx>
			<posy>165</posy>
			<width>660</width>
			<height>8</height>
			<texturebg>progress_back.png</texturebg>
			<lefttexture>-</lefttexture>
			<midtexture>green.png</midtexture>
			<righttexture>-</righttexture>
			<overlaytexture>-</overlaytexture>
			<visible>true</visible>
		</control>
		<control type="image">
			<posx>150</posx>
			<posy>15</posy>
			<width>40</width>
			<height>40</height>
			<texture>buffering_circle.gif</texture>
		</control>
		<control type="button" id="10">
			<description>Cancel button</description>
			<posx>250</posx>
			<posy>180</posy>
			<width>200</width>
			<height>42</height>
			<label>222</label>
			<font>font13</font>
			<align>center</align>
			<texturefocus>button-focus.png</texturefocus>
			<texturenofocus>button-nofocus.png</texturenofocus>
			<onleft>10</onleft>
			<onright>10</onright>
			<onup>10</onup>
			<ondown>10</ondown>
		</control>
	</controls>
</window>
