<?xml version="1.0"?>
<!-- Shutdown dialog -->
<window type="buttonMenu" id="111">
	<defaultcontrol always="true">10</defaultcontrol>
	<controls>
		<include>Dialog_Popup_Background</include>
		<control type="group">
			<include>Dialog_Popup_Animation</include>
			<posx>370</posx>
			<posy>174</posy>
			<animation effect="slide" start="0,0" end="59,0" time="0" condition="stringcompare(Container(10).NumItems,2)">Conditional</animation>
			<animation effect="slide" start="0,0" end="-69,0" time="0" condition="stringcompare(Container(10).NumItems,4)">Conditional</animation>
			<control type="image">
				<visible>stringcompare(Container(10).NumItems,2)</visible>
				<posx>0</posx>
				<posy>0</posy>
				<width>396</width>
				<height>228</height>
				<texture srcborder="51" border="34">dialog_bg.png</texture>
			</control>
			<control type="image">
				<visible>stringcompare(Container(10).NumItems,3)</visible>
				<posx>0</posx>
				<posy>0</posy>
				<width>539</width>
				<height>228</height>
				<texture srcborder="51" border="34">dialog_bg.png</texture>
			</control>
			<control type="image">
				<visible>stringcompare(Container(10).NumItems,4)</visible>
				<posx>0</posx>
				<posy>0</posy>
				<width>689</width>
				<height>228</height>
				<texture srcborder="51" border="34">dialog_bg.png</texture>
			</control>
			<control type="list" id="10">
				<posx>72</posx>
				<posy>46</posy>
				<width>600</width>
				<height>240</height>
				<onleft>1000</onleft>
				<onright>1000</onright>
				<onup>1000</onup>
				<ondown>1000</ondown>
				<scrolltime>200</scrolltime>
				<pagecontrol>60</pagecontrol>
				<orientation>horizontal</orientation>
				<itemlayout width="150">
					<control type="image">
						<posx>8</posx>
						<posy>8</posy>
						<width>80</width>
						<height>80</height>
						<colordiffuse>mediumgreyheidi</colordiffuse>
						<texture>$INFO[ListItem.Thumb]</texture>
					</control>
					<control type="label">
						<posx>50</posx>
						<posy>87</posy>
						<width>150</width>
						<height>60</height>
						<font>font20b</font>
						<align>center</align>
						<aligny>center</aligny>
						<textcolor>mediumgreyheidi</textcolor>
						<label>[B][UPPERCASE]$INFO[ListItem.Label][/UPPERCASE][/B]</label>
					</control>
				</itemlayout>
				<focusedlayout width="150">
					<control type="image">
						<posx>0</posx>
						<posy>0</posy>
						<width>96</width>
						<height>96</height>
						<texture srcborder="24" border="16">button-focused.png</texture>
					</control>
					<control type="image">
						<posx>8</posx>
						<posy>8</posy>
						<width>80</width>
						<height>80</height>
						<colordiffuse>whiteheidi</colordiffuse>
						<texture>$INFO[ListItem.Thumb]</texture>
					</control>
					<control type="label">
						<posx>50</posx>
						<posy>87</posy>
						<width>150</width>
						<height>60</height>
						<font>font20b</font>
						<align>center</align>
						<aligny>center</aligny>
						<textcolor>whiteheidi</textcolor>
						<label>[B][UPPERCASE]$INFO[ListItem.Label][/UPPERCASE][/B]</label>
					</control>
				</focusedlayout>
				<content>
					<item id="13">
						<label>54062</label>
						<onclick>XBMC.Suspend()</onclick>
						<thumb>icons/icon-shutdown-sleep.png</thumb>
					</item>
					<item id="15">
						<!-- <visible>!boxee.newversionforce + --><visible>[system.platform.windows | system.platform.osx]</visible>
						<label>13012</label>
						<onclick>XBMC.Quit()</onclick>
						<thumb>icons/icon-shutdown-shutdown.png</thumb>
					</item>
					<item id="11">
						<!-- <visible>true + !boxee.newversionforce + --><visible>true + !system.platform.osx + !system.platform.windows</visible>
						<label>54060</label>
						<onclick>-</onclick>
						<thumb>icons/icon-shutdown-shutdown.png</thumb>
					</item>
					<item id="16">
						<!-- <visible>true + !boxee.newversionforce + --><visible>true + !system.platform.osx + !system.platform.windows</visible>
						<label>13013</label>
						<onclick>XBMC.Reboot()</onclick>
						<thumb>../720p/resources/icons/icon-shutdown-reboot.png</thumb>
					</item>
<!--					<item id="14">
						<visible>boxee.newversion</visible>
						<label>53251</label>
						<onclick>-</onclick>
						<thumb>icons/icon-shutdown-update.png</thumb>
					</item> -->			
					<item id="12">
<!--						<visible>!boxee.newversionforce</visible> -->
						<label>54061</label>
						<onclick>XBMC.Logout()</onclick>
						<thumb>icons/icon-shutdown-logout.png</thumb>
					</item>
				</content>
			</control>
		</control>
	</controls>
</window>
