﻿<?xml version="1.0"?>
<window type="dialog" id="666">
  <defaultcontrol always="true">9001</defaultcontrol>
  <controls>
    <include>Window_OpenClose_Animation</include>
    <control type="image">
      <description>background image overlay</description>
      <posx>0</posx>
      <posy>0</posy>
      <width>1280</width>
      <height>720</height>
      <texture>browse_submenu_overlay.png</texture>
    </control>
    <control type="group">
      <posx>345</posx>
      <posy>0</posy>
      <animation type="WindowOpen">
        <effect type="fade" end="100" time="200"/>
        <effect type="slide" start="0,-100" time="200"/>
      </animation>
      <animation type="WindowClose">
        <effect type="fade" start="100" end="0" time="200"/>
        <effect type="slide" end="0,-100" time="200"/>
      </animation>
      <control type="image">
        <description>dialog background</description>
        <posx>0</posx>
        <posy>14</posy>
        <width>590</width>
        <height>320</height>
        <texture>dialog_background.png</texture>
      </control>
      <control type="group" id="9100">
        <posx>20</posx>
        <posy>14</posy>
        <control type="label">
          <description>Username label</description>
          <posx>0</posx>
          <posy>30</posy>
          <height>44</height>
          <width>200</width>
          <align>left</align>
          <aligny>center</aligny>
          <textcolor>white</textcolor>
          <font>font21</font>
					<label>$LOCALIZE[51891]:</label>
					<!--Username:-->
        </control>
        <control type="edit" id="9001">
          <description>Username</description>
          <posx>110</posx>
          <posy>30</posy>
          <height>44</height>
          <width>280</width>
          <align>left</align>
          <aligny>center</aligny>
          <selectedcolor>black</selectedcolor>
          <textcolor>black</textcolor>
          <disabledcolor>black</disabledcolor>
          <texturefocus border="10">wizard_input_field_on.png</texturefocus>
          <texturenofocus border="10">wizard_input_field_off.png</texturenofocus>
          <font>font21</font>
          <onleft>-</onleft>
          <onright>-</onright>
          <onup>-</onup>
          <ondown>9002</ondown>
        </control>
        <control type="image">
          <posx>400</posx>
          <posy>30</posy>
          <width>44</width>
          <height>44</height>
          <texture>button_keyboard_off.png</texture>
          <visible>!Control.HasFocus(9001)</visible>
        </control>
        <control type="image">
          <posx>400</posx>
          <posy>30</posy>
          <width>44</width>
          <height>44</height>
          <texture>button_keyboard_on.png</texture>
          <visible>Control.HasFocus(9001)</visible>
        </control>
        <control type="label">
          <description>Password label</description>
          <posx>0</posx>
          <posy>100</posy>
          <height>44</height>
          <width>200</width>
          <align>left</align>
          <aligny>center</aligny>
          <textcolor>white</textcolor>
          <font>font21</font>
					<label>$LOCALIZE[51892]:</label>
					<!--Password:-->
        </control>
        <control type="edit" id="9002">
          <description>Password</description>
          <posx>110</posx>
          <posy>100</posy>
          <height>44</height>
          <width>280</width>
          <align>left</align>
          <aligny>center</aligny>
          <selectedcolor>black</selectedcolor>
          <textcolor>black</textcolor>
          <disabledcolor>black</disabledcolor>
          <texturefocus border="10">wizard_input_field_on.png</texturefocus>
          <texturenofocus border="10">wizard_input_field_off.png</texturenofocus>
          <font>font21</font>
          <onleft>-</onleft>
          <onright>-</onright>
          <onup>9001</onup>
          <ondown>9003</ondown>
        </control>
        <control type="image">
          <posx>400</posx>
          <posy>100</posy>
          <width>44</width>
          <height>44</height>
          <texture>button_keyboard_off.png</texture>
          <visible>!Control.HasFocus(9002)</visible>
        </control>
        <control type="image">
          <posx>400</posx>
          <posy>100</posy>
          <width>44</width>
          <height>44</height>
          <texture>button_keyboard_on.png</texture>
          <visible>Control.HasFocus(9002)</visible>
        </control>
      </control>
      <control type="group" id="9200">
        <posx>20</posx>
        <posy>222</posy>
        <control type="button" id="9005">
          <posx>0</posx>
          <posy>0</posy>
          <width>120</width>
          <height>92</height>
          <align>left</align>
          <aligny>top</aligny>
          <textoffsetx>10</textoffsetx>
          <textoffsety>55</textoffsety>
          <textcolor>white</textcolor>
          <texturefocus>-</texturefocus>
          <texturenofocus>-</texturenofocus>
          <font>font21</font>
					<label>222</label>
					<!--Cancel-->
          <onup>9003</onup>
          <ondown>-</ondown>
          <onleft>9004</onleft>
          <onright>9004</onright>
          <onclick>-</onclick>
        </control>
        <control type="image">
          <posx>8</posx>
          <posy>8</posy>
          <width>12</width>
          <height>12</height>
          <texture>icon_cancel.png</texture>
        </control>
        <control type="button" id="9004">
          <posx>130</posx>
          <posy>0</posy>
          <width>120</width>
          <height>92</height>
          <align>left</align>
          <aligny>top</aligny>
          <textoffsetx>10</textoffsetx>
          <textoffsety>55</textoffsety>
          <textcolor>white</textcolor>
          <texturefocus>-</texturefocus>
          <texturenofocus>-</texturenofocus>
          <font>font21</font>
					<label>186</label>
					<!--OK-->
          <onup>9003</onup>
          <ondown>-</ondown>
          <onleft>9005</onleft>
          <onright>9005</onright>
          <onclick>-</onclick>
        </control>
        <control type="image">
          <posx>138</posx>
          <posy>8</posy>
          <width>48</width>
          <height>48</height>
          <texture>icon_ok.png</texture>
        </control>
      </control>
    </control>
  </controls>
</window>
