<?xml version="1.0"?>
<fonts>
  <fontset id="Default" unicode="true">
    <font>
      <name>font8</name>
      <filename>arial.ttf</filename>
      <size>8</size>
      <linespacing>0.875</linespacing>
    </font>
    <font>
      <name>font8b</name>
      <filename>arial.ttf</filename>
      <size>8</size>
      <style>bold</style>
      <linespacing>0.875</linespacing>
    </font>
    <font>
      <name>font10</name>
      <filename>arial.ttf</filename>
      <size>10</size>
      <style>regular</style>
    </font>
    <font>
      <name>font10b</name>
      <filename>arial.ttf</filename>
      <size>10</size>
      <style>bold</style>
      <linespacing>0.875</linespacing>
    </font>
    <font>
      <name>font12</name>
      <filename>arial.ttf</filename>
      <size>12</size>
      <linespacing>0.875</linespacing>
    </font>
    <font>
      <name>font12b</name>
      <filename>arial.ttf</filename>
      <size>12</size>
      <style>bold</style>
      <linespacing>0.875</linespacing>
    </font>
    <font>
      <name>font14</name>
      <filename>arial.ttf</filename>
      <size>14</size>
      <linespacing>0.875</linespacing>
    </font>
    <font>
      <name>font14b</name>
      <filename>arial.ttf</filename>
      <size>14</size>
      <style>bold</style>
      <linespacing>0.875</linespacing>
    </font>
    <font>
      <name>font16</name>
      <filename>arial.ttf</filename>
      <size>16</size>
      <linespacing>0.875</linespacing>
    </font>
    <font>
      <name>font16b</name>
      <filename>arial.ttf</filename>
      <size>16</size>
      <style>bold</style>
      <linespacing>0.875</linespacing>
    </font>
    <font>
      <name>font16x</name>
      <filename>arial.ttf</filename>
      <size>16</size>
      <style>bold</style>
      <linespacing>0.65</linespacing>
    </font>
    <font>
      <name>font17</name>
      <filename>arial.ttf</filename>
      <size>17</size>
      <linespacing>0.875</linespacing>
    </font>
    <font>
      <name>font17b</name>
      <filename>arial.ttf</filename>
      <size>17</size>
      <style>bold</style>
      <linespacing>0.875</linespacing>
    </font>
    <font>
      <name>font18</name>
      <filename>arial.ttf</filename>
      <size>18</size>
      <linespacing>0.875</linespacing>
    </font>
    <font>
      <name>font18b</name>
      <filename>arial.ttf</filename>
      <size>18</size>
      <style>bold</style>
      <linespacing>0.875</linespacing>
    </font>
    <font>
      <name>font19</name>
      <filename>arial.ttf</filename>
      <size>19</size>
      <linespacing>0.875</linespacing>
    </font>
    <font>
      <name>font19b</name>
      <filename>arial.ttf</filename>
      <size>19</size>
      <style>bold</style>
      <linespacing>0.875</linespacing>
    </font>
    <font>
      <name>font20</name>
      <filename>arial.ttf</filename>
      <size>20</size>
      <linespacing>0.875</linespacing>
    </font>
    <font>
      <name>font20ls</name>
      <filename>arial.ttf</filename>
      <size>20</size>
      <linespacing>0.770</linespacing>
    </font>
    <font>
      <name>font20b</name>
      <filename>arial.ttf</filename>
      <size>20</size>
      <style>bold</style>
      <linespacing>0.875</linespacing>
    </font>
    <font>
      <name>font20bls</name>
      <filename>arial.ttf</filename>
      <size>20</size>
      <style>bold</style>
      <linespacing>0.750</linespacing>
    </font>
    <font>
      <name>font21</name>
      <filename>arial.ttf</filename>
      <size>21</size>
      <linespacing>0.875</linespacing>
    </font>
    <font>
      <name>font21bls</name>
      <filename>arial.ttf</filename>
      <size>21</size>
      <style>bold</style>
      <linespacing>0.770</linespacing>
    </font>
    <font>
      <name>font21b</name>
      <filename>arial.ttf</filename>
      <size>21</size>
      <style>bold</style>
      <linespacing>0.875</linespacing>
    </font>
    <font>
      <name>font22</name>
      <filename>arial.ttf</filename>
      <size>22</size>
      <linespacing>0.875</linespacing>
    </font>
    <font>
      <name>font22ls</name>
      <filename>arial.ttf</filename>
      <size>22</size>
      <linespacing>0.775</linespacing>
    </font>
    <font>
      <name>font22b</name>
      <filename>arial.ttf</filename>
      <size>22</size>
      <style>bold</style>
      <linespacing>0.875</linespacing>
    </font>
    <font>
      <name>font23</name>
      <filename>arial.ttf</filename>
      <size>23</size>
      <linespacing>0.875</linespacing>
    </font>
    <font>
      <name>font23b</name>
      <filename>arial.ttf</filename>
      <size>23</size>
      <style>bold</style>
      <linespacing>0.875</linespacing>
    </font>
    <font>
      <name>font24</name>
      <filename>arial.ttf</filename>
      <size>24</size>
      <linespacing>0.9</linespacing>
    </font>
    <font>
      <name>font24b</name>
      <filename>arial.ttf</filename>
      <size>24</size>
      <style>bold</style>
      <linespacing>0.875</linespacing>
    </font>
    <font>
      <name>font24bls</name>
      <filename>arial.ttf</filename>
      <size>24</size>
      <style>bold</style>
      <linespacing>0.770</linespacing>
    </font>
    <font>
      <name>font24bex</name>
      <filename>arial.ttf</filename>
      <size>24</size>
      <style>bold</style>
      <linespacing>0.900</linespacing>
    </font>
    <font>
      <name>font26</name>
      <filename>arial.ttf</filename>
      <size>26</size>
      <linespacing>0.875</linespacing>
    </font>
    <font>
      <name>font26ls</name>
      <filename>arial.ttf</filename>
      <size>26</size>
      <linespacing>0.770</linespacing>
    </font>
    <font>
      <name>font26b</name>
      <filename>arial.ttf</filename>
      <size>26</size>
      <style>bold</style>
      <linespacing>0.875</linespacing>
    </font>
    <font>
      <name>font27</name>
      <filename>arial.ttf</filename>
      <size>27</size>
      <linespacing>0.875</linespacing>
    </font>
    <font>
      <name>font27b</name>
      <filename>arial.ttf</filename>
      <size>27</size>
      <style>bold</style>
      <linespacing>0.875</linespacing>
    </font>
    <font>
      <name>font28</name>
      <filename>arial.ttf</filename>
      <size>28</size>
      <linespacing>0.875</linespacing>
    </font>
    <font>
      <name>font28b</name>
      <filename>arial.ttf</filename>
      <size>28</size>
      <style>bold</style>
      <linespacing>0.875</linespacing>
    </font>
    <font>
      <name>font30</name>
      <filename>arial.ttf</filename>
      <size>30</size>
      <linespacing>0.875</linespacing>
    </font>
    <font>
      <name>font30b</name>
      <filename>arial.ttf</filename>
      <size>30</size>
      <style>bold</style>
      <linespacing>0.875</linespacing>
    </font>
    <font>
      <name>font32</name>
      <filename>arial.ttf</filename>
      <size>32</size>
      <linespacing>0.875</linespacing>
    </font>
    <font>
      <name>font32b</name>
      <filename>arial.ttf</filename>
      <size>32</size>
      <style>bold</style>
      <linespacing>0.875</linespacing>
    </font>
    <font>
      <name>font34</name>
      <filename>arial.ttf</filename>
      <size>34</size>
      <linespacing>0.8</linespacing>
    </font>
    <font>
      <name>font34b</name>
      <filename>arial.ttf</filename>
      <size>34</size>
      <style>bold</style>
      <linespacing>0.875</linespacing>
    </font>
    <font>
      <name>font36</name>
      <filename>arial.ttf</filename>
      <size>36</size>
      <linespacing>0.875</linespacing>
    </font>
    <font>
      <name>font36b</name>
      <filename>arial.ttf</filename>
      <size>36</size>
      <style>bold</style>
      <linespacing>0.875</linespacing>
    </font>
    <font>
      <name>font38</name>
      <filename>arial.ttf</filename>
      <size>38</size>
      <linespacing>0.875</linespacing>
    </font>
    <font>
      <name>font38b</name>
      <filename>arial.ttf</filename>
      <size>38</size>
      <style>bold</style>
      <linespacing>0.875</linespacing>
    </font>
    <font>
      <name>font40</name>
      <filename>arial.ttf</filename>
      <size>40</size>
      <linespacing>0.875</linespacing>
    </font>
    <font>
      <name>font40b</name>
      <filename>arial.ttf</filename>
      <size>40</size>
      <style>bold</style>
      <linespacing>0.875</linespacing>
    </font>
    <font>
      <name>font40bls</name>
      <filename>arial.ttf</filename>
      <size>40</size>
      <style>bold</style>
      <linespacing>0.770</linespacing>
    </font>
    <font>
      <name>font46</name>
      <filename>arial.ttf</filename>
      <size>48</size>
      <linespacing>0.875</linespacing>
    </font>
    <font>
      <name>font46b</name>
      <filename>arial.ttf</filename>
      <size>48</size>
      <style>bold</style>
      <linespacing>0.875</linespacing>
    </font>
    <font>
      <name>font48</name>
      <filename>arial.ttf</filename>
      <size>48</size>
      <linespacing>0.875</linespacing>
    </font>
    <font>
      <name>font48b</name>
      <filename>arial.ttf</filename>
      <size>48</size>
      <style>bold</style>
      <linespacing>0.875</linespacing>
    </font>
    <font>
      <name>font56</name>
      <filename>arial.ttf</filename>
      <size>56</size>
      <linespacing>0.875</linespacing>
    </font>
    <font>
      <name>font56b</name>
      <filename>arial.ttf</filename>
      <size>56</size>
      <style>bold</style>
      <linespacing>0.875</linespacing>
    </font>
    <font>
      <name>font64</name>
      <filename>arial.ttf</filename>
      <size>64</size>
      <linespacing>0.875</linespacing>
    </font>
    <font>
      <name>font64b</name>
      <filename>arial.ttf</filename>
      <size>64</size>
      <style>bold</style>
      <linespacing>0.875</linespacing>
    </font>
    <font>
      <name>font80</name>
      <filename>arial.ttf</filename>
      <size>80</size>
      <linespacing>0.875</linespacing>
    </font>
    <font>
      <name>font80b</name>
      <filename>arial.ttf</filename>
      <size>80</size>
      <style>bold</style>
      <linespacing>0.875</linespacing>
    </font>
    <font>
      <name>font100</name>
      <filename>arial.ttf</filename>
      <size>100</size>
      <linespacing>0.875</linespacing>
    </font>
    <font>
      <name>font100b</name>
      <filename>arial.ttf</filename>
      <size>100</size>
      <style>bold</style>
      <linespacing>0.875</linespacing>
    </font>
    <font>
      <name>font150</name>
      <filename>arial.ttf</filename>
      <size>150</size>
      <linespacing>0.875</linespacing>
    </font>
    <font>
      <name>font150b</name>
      <filename>arial.ttf</filename>
      <size>150</size>
      <style>bold</style>
      <linespacing>0.875</linespacing>
    </font>
    <font>
      <name>font200</name>
      <filename>arial.ttf</filename>
      <size>200</size>
      <linespacing>0.875</linespacing>
    </font>
    <font>
      <name>font200b</name>
      <filename>arial.ttf</filename>
      <size>200</size>
      <style>bold</style>
      <linespacing>0.875</linespacing>
    </font>
    <font>
      <name>light21</name>
      <filename>arial.ttf</filename>
      <size>21</size>
      <linespacing>1.0</linespacing>
    </font>
    <font>
      <name>light21b</name>
      <filename>arial.ttf</filename>
      <size>21</size>
      <style>bold</style>
      <linespacing>1.0</linespacing>
    </font>
    <font>
      <name>light23</name>
      <filename>arial.ttf</filename>
      <size>23</size>
      <linespacing>1.0</linespacing>
    </font>
    <font>
      <name>light23b</name>
      <filename>arial.ttf</filename>
      <size>23</size>
      <style>bold</style>
      <linespacing>1.0</linespacing>
    </font>
    <font>
      <name>light28</name>
      <filename>arial.ttf</filename>
      <size>28</size>
      <linespacing>1.0</linespacing>
    </font>
    <font>
      <name>light28b</name>
      <filename>arial.ttf</filename>
      <size>28</size>
      <style>bold</style>
      <linespacing>1.0</linespacing>
    </font>
    <font>
      <name>light34</name>
      <filename>arial.ttf</filename>
      <size>34</size>
      <linespacing>1.0</linespacing>
    </font>
    <font>
      <name>light34b</name>
      <filename>arial.ttf</filename>
      <size>34</size>
      <style>bold</style>
      <linespacing>1.0</linespacing>
    </font>
    <font>
      <name>sans14</name>
      <filename>arial.ttf</filename>
      <size>14</size>
      <linespacing>1.0</linespacing>
    </font>
    <font>
      <name>sans14b</name>
      <filename>arial.ttf</filename>
      <size>14</size>
      <style>bold</style>
      <linespacing>1.0</linespacing>
    </font>
    <font>
      <name>sans16</name>
      <filename>arial.ttf</filename>
      <size>16</size>
      <linespacing>1.0</linespacing>
    </font>
    <font>
      <name>sans16b</name>
      <filename>arial.ttf</filename>
      <size>16</size>
      <style>bold</style>
      <linespacing>1.0</linespacing>
    </font>
    <font>
      <name>sans18</name>
      <filename>arial.ttf</filename>
      <size>18</size>
      <linespacing>1.0</linespacing>
    </font>
    <font>
      <name>sans18b</name>
      <filename>arial.ttf</filename>
      <size>18</size>
      <style>bold</style>
      <linespacing>1.0</linespacing>
    </font>
    <font>
      <name>sans21</name>
      <filename>arial.ttf</filename>
      <size>21</size>
      <linespacing>1.2</linespacing>
    </font>
    <font>
      <name>sans21b</name>
      <filename>arial.ttf</filename>
      <size>21</size>
      <style>bold</style>
      <linespacing>1.2</linespacing>
    </font>
    <font>
      <name>sans23</name>
      <filename>arial.ttf</filename>
      <size>23</size>
      <linespacing>1.0</linespacing>
    </font>
    <font>
      <name>sans23b</name>
      <filename>arial.ttf</filename>
      <size>23</size>
      <style>bold</style>
      <linespacing>1.0</linespacing>
    </font>
    <font>
      <name>sans28</name>
      <filename>arial.ttf</filename>
      <size>28</size>
      <linespacing>1.0</linespacing>
    </font>
    <font>
      <name>sans28b</name>
      <filename>arial.ttf</filename>
      <size>28</size>
      <style>bold</style>
      <linespacing>1.0</linespacing>
    </font>
    <font>
      <name>sans30</name>
      <filename>arial.ttf</filename>
      <size>30</size>
      <linespacing>1.0</linespacing>
    </font>
    <font>
      <name>sans30b</name>
      <filename>arial.ttf</filename>
      <size>30</size>
      <style>bold</style>
      <linespacing>1.0</linespacing>
    </font>
    <font>
      <name>sans36</name>
      <filename>arial.ttf</filename>
      <size>36</size>
      <linespacing>1.0</linespacing>
    </font>
    <font>
      <name>sans36b</name>
      <filename>arial.ttf</filename>
      <size>36</size>
      <style>bold</style>
      <linespacing>1.0</linespacing>
    </font>
    <font>
      <name>sans40</name>
      <filename>arial.ttf</filename>
      <size>40</size>
      <linespacing>1.0</linespacing>
    </font>
    <font>
      <name>sans40b</name>
      <filename>arial.ttf</filename>
      <size>40</size>
      <style>bold</style>
      <linespacing>1.0</linespacing>
    </font>
    <font>
      <name>sans48</name>
      <filename>arial.ttf</filename>
      <size>48</size>
      <linespacing>1.0</linespacing>
    </font>
    <font>
      <name>sans48b</name>
      <filename>arial.ttf</filename>
      <size>48</size>
      <style>bold</style>
      <linespacing>1.0</linespacing>
    </font>
    <font>
      <name>sans64</name>
      <filename>arial.ttf</filename>
      <size>64</size>
      <linespacing>1.0</linespacing>
    </font>
    <font>
      <name>sans64b</name>
      <filename>arial.ttf</filename>
      <size>64</size>
      <style>bold</style>
      <linespacing>1.0</linespacing>
    </font>
    <font>
      <name>mono14</name>
      <filename>DejaVuSansMono.ttf</filename>
      <size>14</size>
      <linespacing>1.0</linespacing>
    </font>
    <font>
      <name>mono14b</name>
      <filename>DejaVuSansMono.ttf</filename>
      <size>14</size>
      <style>bold</style>
      <linespacing>1.0</linespacing>
    </font>
    <font>
      <name>mono16</name>
      <filename>DejaVuSansMono.ttf</filename>
      <size>16</size>
      <linespacing>1.0</linespacing>
    </font>
    <font>
      <name>mono16b</name>
      <filename>DejaVuSansMono.ttf</filename>
      <size>16</size>
      <style>bold</style>
      <linespacing>1.0</linespacing>
    </font>
    <font>
      <name>mono18</name>
      <filename>DejaVuSansMono.ttf</filename>
      <size>18</size>
      <linespacing>1.0</linespacing>
    </font>
    <font>
      <name>mono18b</name>
      <filename>DejaVuSansMono.ttf</filename>
      <size>18</size>
      <style>bold</style>
      <linespacing>1.0</linespacing>
    </font>
    <font>
      <name>mono21</name>
      <filename>DejaVuSansMono.ttf</filename>
      <size>21</size>
      <linespacing>1.2</linespacing>
    </font>
    <font>
      <name>mono21b</name>
      <filename>DejaVuSansMono.ttf</filename>
      <size>21</size>
      <style>bold</style>
      <linespacing>1.2</linespacing>
    </font>
    <font>
      <name>mono23</name>
      <filename>DejaVuSansMono.ttf</filename>
      <size>23</size>
      <linespacing>1.0</linespacing>
    </font>
    <font>
      <name>mono23b</name>
      <filename>DejaVuSansMono.ttf</filename>
      <size>23</size>
      <style>bold</style>
      <linespacing>1.0</linespacing>
    </font>
    <font>
      <name>mono28</name>
      <filename>DejaVuSansMono.ttf</filename>
      <size>28</size>
      <linespacing>1.0</linespacing>
    </font>
    <font>
      <name>mono28b</name>
      <filename>DejaVuSansMono.ttf</filename>
      <size>28</size>
      <style>bold</style>
      <linespacing>1.0</linespacing>
    </font>
    <font>
      <name>mono30</name>
      <filename>DejaVuSansMono.ttf</filename>
      <size>30</size>
      <linespacing>1.0</linespacing>
    </font>
    <font>
      <name>mono30b</name>
      <filename>DejaVuSansMono.ttf</filename>
      <size>30</size>
      <style>bold</style>
      <linespacing>1.0</linespacing>
    </font>
    <font>
      <name>mono36</name>
      <filename>DejaVuSansMono.ttf</filename>
      <size>36</size>
      <linespacing>1.0</linespacing>
    </font>
    <font>
      <name>mono36b</name>
      <filename>DejaVuSansMono.ttf</filename>
      <size>36</size>
      <style>bold</style>
      <linespacing>1.0</linespacing>
    </font>
    <font>
      <name>mono40</name>
      <filename>DejaVuSansMono.ttf</filename>
      <size>40</size>
      <linespacing>1.0</linespacing>
    </font>
    <font>
      <name>mono40b</name>
      <filename>DejaVuSansMono.ttf</filename>
      <size>40</size>
      <style>bold</style>
      <linespacing>1.0</linespacing>
    </font>
    <font>
      <name>mono48</name>
      <filename>DejaVuSansMono.ttf</filename>
      <size>48</size>
      <linespacing>1.0</linespacing>
    </font>
    <font>
      <name>mono48b</name>
      <filename>DejaVuSansMono.ttf</filename>
      <size>48</size>
      <style>bold</style>
      <linespacing>1.0</linespacing>
    </font>
    <font>
      <name>mono64</name>
      <filename>DejaVuSansMono.ttf</filename>
      <size>64</size>
      <linespacing>1.0</linespacing>
    </font>
    <font>
      <name>mono64b</name>
      <filename>DejaVuSansMono.ttf</filename>
      <size>64</size>
      <style>bold</style>
      <linespacing>1.0</linespacing>
    </font>
    <font>
      <name>serif14</name>
      <filename>DejaVuSerif.ttf</filename>
      <size>14</size>
      <linespacing>1.0</linespacing>
    </font>
    <font>
      <name>serif14b</name>
      <filename>DejaVuSerif.ttf</filename>
      <size>14</size>
      <style>bold</style>
      <linespacing>1.0</linespacing>
    </font>
    <font>
      <name>serif16</name>
      <filename>DejaVuSerif.ttf</filename>
      <size>16</size>
      <linespacing>1.0</linespacing>
    </font>
    <font>
      <name>serif16b</name>
      <filename>DejaVuSerif.ttf</filename>
      <size>16</size>
      <style>bold</style>
      <linespacing>1.0</linespacing>
    </font>
    <font>
      <name>serif18</name>
      <filename>DejaVuSerif.ttf</filename>
      <size>18</size>
      <linespacing>1.0</linespacing>
    </font>
    <font>
      <name>serif18b</name>
      <filename>DejaVuSerif.ttf</filename>
      <size>18</size>
      <style>bold</style>
      <linespacing>1.0</linespacing>
    </font>
    <font>
      <name>serif21</name>
      <filename>DejaVuSerif.ttf</filename>
      <size>21</size>
      <linespacing>1.2</linespacing>
    </font>
    <font>
      <name>serif21b</name>
      <filename>DejaVuSerif.ttf</filename>
      <size>21</size>
      <style>bold</style>
      <linespacing>1.2</linespacing>
    </font>
    <font>
      <name>serif23</name>
      <filename>DejaVuSerif.ttf</filename>
      <size>23</size>
      <linespacing>1.0</linespacing>
    </font>
    <font>
      <name>serif23b</name>
      <filename>DejaVuSerif.ttf</filename>
      <size>23</size>
      <style>bold</style>
      <linespacing>1.0</linespacing>
    </font>
    <font>
      <name>serif28</name>
      <filename>DejaVuSerif.ttf</filename>
      <size>28</size>
      <linespacing>1.0</linespacing>
    </font>
    <font>
      <filename>LiberationSans-Regular.ttf</filename>
      <size>28</size>
      <style>bold</style>
      <linespacing>1.0</linespacing>
    </font>
    <font>
      <name>sans30</name>
      <filename>LiberationSans-Regular.ttf</filename>
      <size>30</size>
      <linespacing>1.0</linespacing>
    </font>
    <font>
      <name>sans30b</name>
      <filename>LiberationSans-Regular.ttf</filename>
      <size>30</size>
      <style>bold</style>
      <linespacing>1.0</linespacing>
    </font>
    <font>
      <name>sans36</name>
      <filename>LiberationSans-Regular.ttf</filename>
      <size>36</size>
      <linespacing>1.0</linespacing>
    </font>
    <font>
      <name>sans36b</name>
      <filename>LiberationSans-Regular.ttf</filename>
      <size>36</size>
      <style>bold</style>
      <linespacing>1.0</linespacing>
    </font>
    <font>
      <name>sans40</name>
      <filename>LiberationSans-Regular.ttf</filename>
      <size>40</size>
      <linespacing>1.0</linespacing>
    </font>
    <font>
      <name>sans40b</name>
      <filename>LiberationSans-Regular.ttf</filename>
      <size>40</size>
      <style>bold</style>
      <linespacing>1.0</linespacing>
    </font>
    <font>
      <name>sans48</name>
      <filename>LiberationSans-Regular.ttf</filename>
      <size>48</size>
      <linespacing>1.0</linespacing>
    </font>
    <font>
      <name>sans48b</name>
      <filename>LiberationSans-Regular.ttf</filename>
      <size>48</size>
      <style>bold</style>
      <linespacing>1.0</linespacing>
    </font>
    <font>
      <name>sans64</name>
      <filename>LiberationSans-Regular.ttf</filename>
      <size>64</size>
      <linespacing>1.0</linespacing>
    </font>
    <font>
      <name>sans64b</name>
      <filename>LiberationSans-Regular.ttf</filename>
      <size>64</size>
      <style>bold</style>
      <linespacing>1.0</linespacing>
    </font>
    <font>
      <name>mono14</name>
      <filename>DejaVuSansMono.ttf</filename>
      <size>14</size>
      <linespacing>1.0</linespacing>
    </font>
    <font>
      <name>mono14b</name>
      <filename>DejaVuSansMono.ttf</filename>
      <size>14</size>
      <style>bold</style>
      <linespacing>1.0</linespacing>
    </font>
    <font>
      <name>mono16</name>
      <filename>DejaVuSansMono.ttf</filename>
      <size>16</size>
      <linespacing>1.0</linespacing>
    </font>
    <font>
      <name>mono16b</name>
      <filename>DejaVuSansMono.ttf</filename>
      <size>16</size>
      <style>bold</style>
      <linespacing>1.0</linespacing>
    </font>
    <font>
      <name>mono18</name>
      <filename>DejaVuSansMono.ttf</filename>
      <size>18</size>
      <linespacing>1.0</linespacing>
    </font>
    <font>
      <name>mono18b</name>
      <filename>DejaVuSansMono.ttf</filename>
      <size>18</size>
      <style>bold</style>
      <linespacing>1.0</linespacing>
    </font>
    <font>
      <name>mono21</name>
      <filename>DejaVuSansMono.ttf</filename>
      <size>21</size>
      <linespacing>1.2</linespacing>
    </font>
    <font>
      <name>mono21b</name>
      <filename>DejaVuSansMono.ttf</filename>
      <size>21</size>
      <style>bold</style>
      <linespacing>1.2</linespacing>
    </font>
    <font>
      <name>mono23</name>
      <filename>DejaVuSansMono.ttf</filename>
      <size>23</size>
      <linespacing>1.0</linespacing>
    </font>
    <font>
      <name>mono23b</name>
      <filename>DejaVuSansMono.ttf</filename>
      <size>23</size>
      <style>bold</style>
      <linespacing>1.0</linespacing>
    </font>
    <font>
      <name>mono28</name>
      <filename>DejaVuSansMono.ttf</filename>
      <size>28</size>
      <linespacing>1.0</linespacing>
    </font>
    <font>
      <name>mono28b</name>
      <filename>DejaVuSansMono.ttf</filename>
      <size>28</size>
      <style>bold</style>
      <linespacing>1.0</linespacing>
    </font>
    <font>
      <name>mono30</name>
      <filename>DejaVuSansMono.ttf</filename>
      <size>30</size>
      <linespacing>1.0</linespacing>
    </font>
    <font>
      <name>mono30b</name>
      <filename>DejaVuSansMono.ttf</filename>
      <size>30</size>
      <style>bold</style>
      <linespacing>1.0</linespacing>
    </font>
    <font>
      <name>mono36</name>
      <filename>DejaVuSansMono.ttf</filename>
      <size>36</size>
      <linespacing>1.0</linespacing>
    </font>
    <font>
      <name>mono36b</name>
      <filename>DejaVuSansMono.ttf</filename>
      <size>36</size>
      <style>bold</style>
      <linespacing>1.0</linespacing>
    </font>
    <font>
      <name>mono40</name>
      <filename>DejaVuSansMono.ttf</filename>
      <size>40</size>
      <linespacing>1.0</linespacing>
    </font>
    <font>
      <name>mono40b</name>
      <filename>DejaVuSansMono.ttf</filename>
      <size>40</size>
      <style>bold</style>
      <linespacing>1.0</linespacing>
    </font>
    <font>
      <name>mono48</name>
      <filename>DejaVuSansMono.ttf</filename>
      <size>48</size>
      <linespacing>1.0</linespacing>
    </font>
    <font>
      <name>mono48b</name>
      <filename>DejaVuSansMono.ttf</filename>
      <size>48</size>
      <style>bold</style>
      <linespacing>1.0</linespacing>
    </font>
    <font>
      <name>mono64</name>
      <filename>DejaVuSansMono.ttf</filename>
      <size>64</size>
      <linespacing>1.0</linespacing>
    </font>
    <font>
      <name>mono64b</name>
      <filename>DejaVuSansMono.ttf</filename>
      <size>64</size>
      <style>bold</style>
      <linespacing>1.0</linespacing>
    </font>
    <font>
      <name>serif14</name>
      <filename>DejaVuSerif.ttf</filename>
      <size>14</size>
      <linespacing>1.0</linespacing>
    </font>
    <font>
      <name>serif14b</name>
      <filename>DejaVuSerif.ttf</filename>
      <size>14</size>
      <style>bold</style>
      <linespacing>1.0</linespacing>
    </font>
    <font>
      <name>serif16</name>
      <filename>DejaVuSerif.ttf</filename>
      <size>16</size>
      <linespacing>1.0</linespacing>
    </font>
    <font>
      <name>serif16b</name>
      <filename>DejaVuSerif.ttf</filename>
      <size>16</size>
      <style>bold</style>
      <linespacing>1.0</linespacing>
    </font>
    <font>
      <name>serif18</name>
      <filename>DejaVuSerif.ttf</filename>
      <size>18</size>
      <linespacing>1.0</linespacing>
    </font>
    <font>
      <name>serif18b</name>
      <filename>DejaVuSerif.ttf</filename>
      <size>18</size>
      <style>bold</style>
      <linespacing>1.0</linespacing>
    </font>
    <font>
      <name>serif21</name>
      <filename>DejaVuSerif.ttf</filename>
      <size>21</size>
      <linespacing>1.2</linespacing>
    </font>
    <font>
      <name>serif21b</name>
      <filename>DejaVuSerif.ttf</filename>
      <size>21</size>
      <style>bold</style>
      <linespacing>1.2</linespacing>
    </font>
    <font>
      <name>serif23</name>
      <filename>DejaVuSerif.ttf</filename>
      <size>23</size>
      <linespacing>1.0</linespacing>
    </font>
    <font>
      <name>serif23b</name>
      <filename>DejaVuSerif.ttf</filename>
      <size>23</size>
      <style>bold</style>
      <linespacing>1.0</linespacing>
    </font>
    <font>
      <name>serif28</name>
      <filename>DejaVuSerif.ttf</filename>
      <size>28</size>
      <linespacing>1.0</linespacing>
    </font>
    <font>
      <name>serif28b</name>
      <filename>DejaVuSerif.ttf</filename>
      <size>28</size>
      <style>bold</style>
      <linespacing>1.0</linespacing>
    </font>
    <font>
      <name>serif30</name>
      <filename>DejaVuSerif.ttf</filename>
      <size>30</size>
      <linespacing>1.0</linespacing>
    </font>
    <font>
      <name>serif30b</name>
      <filename>DejaVuSerif.ttf</filename>
      <size>30</size>
      <style>bold</style>
      <linespacing>1.0</linespacing>
    </font>
    <font>
      <name>serif36</name>
      <filename>DejaVuSerif.ttf</filename>
      <size>36</size>
      <linespacing>1.0</linespacing>
    </font>
    <font>
      <name>serif36b</name>
      <filename>DejaVuSerif.ttf</filename>
      <size>36</size>
      <style>bold</style>
      <linespacing>1.0</linespacing>
    </font>
    <font>
      <name>serif40</name>
      <filename>DejaVuSerif.ttf</filename>
      <size>40</size>
      <linespacing>1.0</linespacing>
    </font>
    <font>
      <name>serif40b</name>
      <filename>DejaVuSerif.ttf</filename>
      <size>40</size>
      <style>bold</style>
      <linespacing>1.0</linespacing>
    </font>
    <font>
      <name>serif48</name>
      <filename>DejaVuSerif.ttf</filename>
      <size>48</size>
      <linespacing>1.0</linespacing>
    </font>
    <font>
      <name>serif48b</name>
      <filename>DejaVuSerif.ttf</filename>
      <size>48</size>
      <style>bold</style>
      <linespacing>1.0</linespacing>
    </font>
    <font>
      <name>serif64</name>
      <filename>DejaVuSerif.ttf</filename>
      <size>64</size>
      <linespacing>1.0</linespacing>
    </font>
    <font>
      <name>serif64b</name>
      <filename>DejaVuSerif.ttf</filename>
      <size>64</size>
      <style>bold</style>
      <linespacing>1.0</linespacing>
    </font>
  </fontset>
</fonts>
