﻿<?xml version="1.0"?>
<window id="10440">
	<defaultcontrol always="true">281</defaultcontrol>
	<controls>
		<include>Dialog_Popup_Background</include>
		<control type="group">
			<include>Dialog_Popup_Animation</include>
			<posx>250</posx>
			<posy>60</posy>
			<control type="image">
				<posx>0</posx>
				<posy>0</posy>
				<width>800</width>
				<height>600</height>
				<texture border="64">new_skin/dialog4_background.png</texture>
			</control>
			<control type="label">
				<posx>30</posx>
				<posy>140</posy>
				<height>48</height>
				<width>100</width>
				<align>left</align>
				<aligny>center</aligny>
				<textcolor>white</textcolor>
				<font>font16b</font>
				<label>[UPPERCASE]step 5/10[/UPPERCASE]</label>
			</control>			
			<include>Init_Box_Boxee_Icon_Left</include>
			<control type="label">
				<description>heading label</description>
				<posx>40</posx>
				<posy>60</posy>
				<width>550</width>
				<height>28</height>
				<font>font28b</font>
				<align>left</align>
				<aligny>center</aligny>
				<label>[UPPERCASE]$LOCALIZE[54660][/UPPERCASE]</label>
				<textcolor>FF3B2D06</textcolor>
			</control>
			<control type="label">
				<posx>250</posx>
				<posy>150</posy>
				<width>550</width>
				<height>48</height>
				<font>font20b</font>
				<align>left</align>
				<aligny>center</aligny>
				<label>$LOCALIZE[54661]</label>
			</control>
			<control type="label">
				<posx>250</posx>
				<posy>250</posy>
				<width>550</width>
				<height>48</height>
				<font>font20b</font>
				<align>left</align>
				<aligny>center</aligny>
				<label>$LOCALIZE[54662]</label>
			</control>                      
			<control type="group" id="280">
				<posx>240</posx>
				<posy>350</posy>
				<control type="radiobutton" id="281">
					<posx>0</posx>
					<posy>0</posy>
					<width>350</width>
					<height>40</height>
					<onup>-</onup>
					<ondown>282</ondown>
					<onright>250</onright>
					<onleft>251</onleft>
					<onclick>SetFocus(250)</onclick>
					<font>font20b</font>
					<aligny>center</aligny>
					<textcolor>white</textcolor>
					<focusedcolor>white</focusedcolor>
					<disabledcolor>disabled</disabledcolor>
					<textoffsetx>40</textoffsetx>
					<texturenofocus>-</texturenofocus>
					<texturefocus border="15">button_option_menu_on.png</texturefocus>
					<textureradiofocus>icons/icon_checkbox_full.png</textureradiofocus>
					<textureradionofocus>icons/icon_checkbox_empty.png</textureradionofocus>
					<pulseonselect>false</pulseonselect>
					<radioposx>10</radioposx>
					<radioposy>10</radioposy>
					<radiowidth>20</radiowidth>
					<radioheight>20</radioheight>
					<label>$LOCALIZE[54663]</label>
				</control>
				<control type="radiobutton" id="282">
					<posx>0</posx>
					<posy>40</posy>
					<width>350</width>
					<height>40</height>
					<onup>281</onup>
					<ondown>283</ondown>
					<onright>250</onright>
					<onleft>251</onleft>
					<onclick>SetFocus(250)</onclick>
					<font>font20b</font>
					<aligny>center</aligny>
					<textcolor>white</textcolor>
					<focusedcolor>white</focusedcolor>
					<disabledcolor>disabled</disabledcolor>
					<textoffsetx>40</textoffsetx>
					<texturenofocus>-</texturenofocus>
					<texturefocus border="15">button_option_menu_on.png</texturefocus>
					<textureradiofocus>icons/icon_checkbox_full.png</textureradiofocus>
					<textureradionofocus>icons/icon_checkbox_empty.png</textureradionofocus>
					<pulseonselect>false</pulseonselect>
					<radioposx>10</radioposx>
					<radioposy>10</radioposy>
					<radiowidth>20</radiowidth>
					<radioheight>20</radioheight>
					<label>$LOCALIZE[54664]</label>
				</control>
				<control type="radiobutton" id="283">
					<posx>0</posx>
					<posy>80</posy>
					<width>350</width>
					<height>40</height>
					<onup>282</onup>
					<ondown>250</ondown>
					<onright>250</onright>
					<onleft>251</onleft>
					<onclick>SetFocus(250)</onclick>
					<font>font20b</font>
					<aligny>center</aligny>
					<textcolor>white</textcolor>
					<focusedcolor>white</focusedcolor>
					<disabledcolor>disabled</disabledcolor>
					<textoffsetx>40</textoffsetx>
					<texturenofocus>-</texturenofocus>
					<texturefocus border="15">button_option_menu_on.png</texturefocus>
					<textureradiofocus>icons/icon_checkbox_full.png</textureradiofocus>
					<textureradionofocus>icons/icon_checkbox_empty.png</textureradionofocus>
					<pulseonselect>false</pulseonselect>
					<radioposx>10</radioposx>
					<radioposy>10</radioposy>
					<radiowidth>20</radiowidth>
					<radioheight>20</radioheight>
					<label>$LOCALIZE[54665]</label>
				</control>                                
			</control>
		</control>
		<control type="button" id="250">
			<posx>866</posx>
			<posy>578</posy>
			<width>160</width>
			<height>54</height>
			<align>center</align>
			<aligny>center</aligny>
			<textcolor>grey</textcolor>
			<focusedcolor>white</focusedcolor>
			<texturenofocus border="30">-</texturenofocus>
			<texturefocus border="30">button_action_menu_source_on.png</texturefocus>
			<textureclick border="30">button_action_menu_source_click.png</textureclick>
			<font>font22b</font>
			<label>[B]$LOCALIZE[209][/B]</label>
			<!--NEXT-->
			<onup>280</onup>
			<ondown>-</ondown>
			<onleft>251</onleft>
			<onright>-</onright>
			<onclick>-</onclick>
		</control>
		<control type="button" id="251">
			<posx>276</posx>
			<posy>578</posy>
			<width>160</width>
			<height>54</height>
			<align>center</align>
			<aligny>center</aligny>
			<textcolor>grey</textcolor>
			<focusedcolor>white</focusedcolor>
			<texturenofocus border="30">-</texturenofocus>
			<texturefocus border="30">button_action_menu_source_on.png</texturefocus>
			<textureclick border="30">button_action_menu_source_click.png</textureclick>
			<font>font22b</font>
			<label>[B]$LOCALIZE[51904][/B]</label>
			<!--BACK-->
			<onup>280</onup>
			<ondown>-</ondown>
			<onleft>-</onleft>
			<onright>250</onright>
			<onclick>-</onclick>
		</control>               
	</controls>
</window>
