<?xml version="1.0"?>
<window id="10440">
	<defaultcontrol always="true">51</defaultcontrol>
	<controls>
		<include>Common_Background</include>
		<control type="group">
			<include>FTUDialogNoAnim_Heidi</include>
			<!-- RIGHT SIDE - BEGIN-->
			<control type="grouplist" id="51">
				<posx>474</posx>
				<posy>74</posy>
				<orientation>vertical</orientation>
				<usecontrolcoords>true</usecontrolcoords>
				<renderfocusedlast>false</renderfocusedlast>
				<itemgap>8</itemgap>
				<ondown>250</ondown>
				<control type="edit" id="501">
					<width>312</width>
					<height>56</height>
					<include>Edit_Heidi</include>
					<emptylabel>$LOCALIZE[54681]</emptylabel>
					<onup>-</onup>
					<ondown>511</ondown>
					<onright>-</onright>
					<onleft>-</onleft>
				</control>
				<control type="edit" id="511">
					<width>312</width>
					<height>56</height>
					<include>Edit_Heidi</include>
					<emptylabel>$LOCALIZE[54682]</emptylabel>
					<onup>501</onup>
					<ondown>521</ondown>
					<onright>-</onright>
					<onleft>-</onleft>
				</control>
				<control type="edit" id="521">
					<width>312</width>
					<height>56</height>
					<include>Edit_Heidi</include>
					<emptylabel>$LOCALIZE[54683]</emptylabel>
					<onup>511</onup>
					<ondown>531</ondown>
					<onright>-</onright>
					<onleft>-</onleft>
				</control>
				<control type="edit" id="531">
					<width>312</width>
					<height>56</height>
					<include>Edit_Heidi</include>
					<emptylabel>$LOCALIZE[54684]</emptylabel>
					<onup>521</onup>
					<ondown>250</ondown>
					<onright>-</onright>
					<onleft>-</onleft>
				</control>
			</control>
			<control type="button" id="250">
				<description>Confirm</description>
				<posx>474</posx>
				<posy>422</posy>
				<width>312</width>
				<height>56</height>
				<include>Button_Heidi</include>
				<label>[B]$LOCALIZE[54689][/B]</label>
				<onclick></onclick>
				<onup>51</onup>
				<ondown>-</ondown>
			</control>
			<!-- RIGHT SIDE - END -->
			<!-- LEFT SIDE - BEGIN -->
			<control type="grouplist">
				<posx>62</posx>
				<posy>56</posy>
				<width>320</width>
				<height>412</height>
				<orientation>vertical</orientation>
				<itemgap>0</itemgap>
				<usecontrolcoords>true</usecontrolcoords>
				<control type="label">
					<width>320</width>
					<height min="0" max="120">auto</height>
					<align>left</align>
					<aligny>top</aligny>
					<label>[B]$LOCALIZE[51899][/B]</label>
					<include>Header_Heidi</include>
					<wrapmultiline>true</wrapmultiline>
				</control>
				<control type="label">
					<posy>10</posy>
					<width>320</width>
					<height min="0" max="288">auto</height>
					<align>left</align>
					<aligny>top</aligny>
					<label>$LOCALIZE[54556]</label>
					<wrapmultiline>true</wrapmultiline>
					<include>LargeText_Heidi</include>
				</control>
			</control>
			<!-- LEFT SIDE - END -->
		</control>
	</controls>
</window>
