<?xml version="1.0"?>
<includes>
	<include file="defaults.xml"/>
	<include file="CommonViewTypes.xml"/>
	<include file="boxee_browse_defaults.xml"/>
	<include file="boxee_browse_views.xml"/>
	<include file="boxee_browse_empty_screens.xml"/>
	
	<include name="Dialog_Popup_Open_Animation">
		<animation type="WindowOpen">
			<effect type="fade" start="0" end="100" time="200" tween="cubic" easing="inout"/>
			<effect type="zoom" start="103,103" end="100,100" center="640,360" time="300" tween="cubic" easing="inout"/>
		</animation>
	</include>
	<include name="Dialog_Popup_Close_Animation">
		<animation type="WindowClose">
			<effect type="fade" start="100" end="0" time="200" tween="cubic" easing="inout"/>
			<effect type="zoom" start="100,100" end="103,103" center="640,360" time="100" tween="back" easing="out"/>
		</animation>
	</include>
	<include name="Dialog_Popup_Animation">
		<include>Dialog_Popup_Open_Animation</include>
		<include>Dialog_Popup_Close_Animation</include>
	</include>
	<!--<include name="Window_Transition">
		<control type="image">
			<animation effect="fade" start="100" end="0" time="200" reversible="false">WindowOpen</animation>
			<animation effect="fade" start="0" end="100" time="200" reversible="false">WindowClose</animation>
			<posx>0</posx>
			<posy>0</posy>
			<width>1280</width>
			<height>720</height>
			<texture>black.png</texture>
		</control>
	</include>-->
	
	<include name="Popup_Delay">
		<animation effect="fade" start="100" end="100" time="0" delay="100">WindowOpen</animation>
	</include>
	<include name="Window_Fade_Animation">
		<animation effect="fade" time="500">WindowOpen</animation>
		<animation effect="fade" time="500">WindowClose</animation>
	</include>
	<include name="Window_OpenClose_Animation">
		<animation effect="fade" time="500">WindowOpen</animation>
		<animation effect="fade" time="500">WindowClose</animation>
	</include>
	<include name="dialogeffect">
		<include>Window_OpenClose_Animation</include>
	</include>
	<include name="Dialog_Popup_Background">
		<control type="image">
			<description>background image overlay</description>
			<animation type="WindowOpen">
				<effect type="fade" start="0" end="100" time="100" delay="0"/>
			</animation>
			<animation type="WindowClose">
				<effect type="fade" start="100" end="0" time="100" delay="0"/>
			</animation>
			<posx>0</posx>
			<posy>0</posy>
			<width>1280</width>
			<height>720</height>
			<texture>black.png</texture>
			<colordiffuse>88FFFFFF</colordiffuse>
		</control>
	</include>
	
	<include name="OnDialogOpen_HideItem">
		<animation type="WindowOpen">
			<effect type="fade" start="100" end="0" time="200" tween="cubic" easing="inout"/>
		</animation>
		<animation type="WindowClose">
			<effect type="fade" start="0" end="100" time="200" tween="cubic" easing="inout"/>
		</animation>
	</include>
	
	<include name="OnDialogOpen_ShowItem">
		<animation type="WindowOpen">
			<effect type="fade" start="0" end="100" time="200" tween="cubic" easing="inout"/>
		</animation>
		<animation type="WindowClose">
			<effect type="fade" start="100" end="0" time="200" tween="cubic" easing="inout"/>
		</animation>
	</include>
		
	<include name="Dialog_Heidi">
		<include>Dialog_Popup_Animation</include>
		<include>DialogNoAnim_Heidi</include>
	</include>
	
	<include name="FTUDialog_Heidi">
		<include>Dialog_Popup_Animation</include>
		<include>FTUDialogNoAnim_Heidi</include>
	</include>
	
	<include name="DialogNoAnim_Heidi">
		<posx>214</posx>
		<posy>118</posy>
		<control type="image">
			<posx>0</posx>
			<posy>0</posy>
			<width>852</width>
			<height>544</height>
			<texture srcborder="51" border="34">dialog_bg.png</texture>
			<!--<colordiffuse>80FFFFFF</colordiffuse>-->
		</control>
		<control type="image">
			<posx>406</posx>
			<posy>22</posy>
			<width>40</width>
			<height>508</height>
			<texture>graphic_divider_vert.png</texture>
		</control>
	</include>
	
	<include name="FTUDialogNoAnim_Heidi">
		<posx>214</posx>
		<posy>88</posy>
		<control type="image">
			<posx>0</posx>
			<posy>0</posy>
			<width>852</width>
			<height>544</height>
			<texture srcborder="51" border="34">dialog_bg.png</texture>
		</control>
		<control type="image">
			<posx>406</posx>
			<posy>22</posy>
			<width>40</width>
			<height>508</height>
			<texture>graphic_divider_vert.png</texture>
		</control>
	</include>

	<include name="Popup_Heidi">
		<include>Dialog_Popup_Animation</include>
		<posx>366</posx>
		<posy>88</posy>
		<control type="image">
			<posx>0</posx>
			<posy>0</posy>
			<width>548</width>
			<height>544</height>
			<texture srcborder="51" border="34">dialog_bg.png</texture>
		</control>
	</include>
	
	<include name="Popup_Title">
		<posx>62</posx>
		<posy>52</posy>
		<width>445</width>
		<height>100</height>
		<align>left</align>
		<aligny>top</aligny>
		<font>font40bls</font>
		<textcolor>whiteheidi</textcolor>
	</include>
	
	<include name="Popup_YesNo_Body_Properties">
		<posx>63</posx>
		<posy>154</posy>
		<width>425</width>
		<height>200</height>
	</include>
	
	<include name="Popup_OK_Body_Properties">
		<posx>63</posx>
		<posy>124</posy>
		<width>425</width>
		<height>260</height>
	</include>
	
	<include name="Header_Heidi">
		<font>font40bls</font>
		<textcolor>FFEFEFEF</textcolor>
	</include>
	
	<include name="LargeText_Heidi">
		<font>font24bls</font>
		<textcolor>lightgreyheidi</textcolor>
	</include>
	
	<include name="Button_Heidi">
		<texturefocus srcborder="24" border="16">button-focused.png</texturefocus>
		<texturenofocus srcborder="24" border="16">universal/button-unfocused.png</texturenofocus>
		<font>font24b</font>
		<textcolor>lightgreyheidi</textcolor>
		<focusedcolor>whiteheidi</focusedcolor>
		<disabledcolor>lightgreyheidi</disabledcolor>
		<align>center</align>
		<aligny>center</aligny>
	</include>
	
	<include name="RadioButton_Heidi">
		<type>radiobutton</type>
		<texturefocus srcborder="24" border="16">button-focused.png</texturefocus>
		<texturenofocus>-</texturenofocus>
		<textureradioon>graphic-radio-on.png</textureradioon>
		<textureradiooff>graphic-radio-off.png</textureradiooff>
		<textcolor>lightgreyheidi</textcolor>
		<focusedcolor>whiteheidi</focusedcolor>
		<disabledcolor>lightgreyheidi</disabledcolor>
		<align>left</align>
		<aligny>center</aligny>
		<textoffsetx>42</textoffsetx>
		<textoffsety>0</textoffsety>
		<pulseonselect>false</pulseonselect>
        <radioposx>12</radioposx>
        <radioposy>11</radioposy>
        <radiowidth>24</radiowidth>
        <radioheight>24</radioheight>
        <font>font20</font>
	</include>
	
	<include name="BackButton_Heidi">
		<control type="group">
			<include>OnDialogOpen_ShowItem</include>
			<include>BackButtonNoAnim_Heidi</include>
		</control>
	</include>
	
	<include name="BackButtonNoAnim_Heidi">
		<control type="group">
			<control type="image">
				<posx>32</posx>
				<posy>652</posy>
				<width>36</width>
				<height>36</height>
				<texture>graphic-back-button.png</texture>
			</control>
			<control type="label" id="8610">
				<description>Back</description>
				<posx>75</posx>
				<posy>653</posy>
				<height>36</height>
				<width>300</width>
				<align>left</align>
				<aligny>center</aligny>
				<textcolor>FFEFEFEF</textcolor>
				<font>font21b</font>
				<label>[UPPERCASE]$LOCALIZE[51070][/UPPERCASE]</label>
				<wrapmultiline>true</wrapmultiline>
			</control>
		</control>
	</include>
	
	<include name="FacebookConnect_Heidi">
		<width>312</width>
		<height>56</height>
		<texturefocus>social/button-connect-facebook-focused.png</texturefocus>
		<texturenofocus>social/button-connect-facebook-unfocused.png</texturenofocus>
	</include>
	
	<include name="TwitterConnect_Heidi">
		<width>312</width>
		<height>56</height>
		<texturefocus>social/button-connect-twitter-focused.png</texturefocus>
		<texturenofocus>social/button-connect-twitter-unfocused.png</texturenofocus>
	</include>
	
	<include name="TumblrConnect_Heidi">
		<width>312</width>
		<height>56</height>
		<texturefocus>social/button-connect-tumblr-focused.png</texturefocus>
		<texturenofocus>social/button-connect-tumblr-unfocused.png</texturenofocus>
	</include>
	
	<include name="Edit_Heidi">
		<texturefocus srcborder="24" border="16">text-field-focused.png</texturefocus>
		<texturenofocus srcborder="24" border="16">text-field-unfocused.png</texturenofocus>
		<font>font28b</font>
		<textcolor>mediumgreyheidi</textcolor>
		<focusedcolor>black</focusedcolor>
		<disabledcolor>mediumgreyheidi</disabledcolor>
		<emptycolor>mediumgreyheidi</emptycolor>
		<aligny>center</aligny>
	</include>
	
	<include name="ToggleButton_Heidi">
		<texturefocus srcborder="24" border="16">text-field-focused.png</texturefocus>
		<texturenofocus srcborder="24" border="16">text-field-unfocused.png</texturenofocus>
		<alttexturefocus srcborder="24" border="16">text-field-focused.png</alttexturefocus>
		<alttexturenofocus srcborder="24" border="16">text-field-unfocused.png</alttexturenofocus>
		<font>font24b</font>
		<textcolor>FFB3B8BB</textcolor>
		<focusedcolor>black</focusedcolor>
		<disabledcolor>FFB3B8BB</disabledcolor>
		<aligny>center</aligny>
	</include>
	
	<include name="BrowseMenuSubFolderArrowNotFocused">
		<control type="image">
			<visible>!IsEmpty(ListItem.Property(child))</visible>
			<posx>190</posx>
			<posy>15</posy>
			<width>12</width>
			<height>20</height>
			<colordiffuse>mediumgreyheidi</colordiffuse>
			<texture>graphic-browse-arrow.png</texture>
		</control>
	</include>
	<include name="BrowseMenuSubFolderArrowFocused">
		<control type="image">
			<visible>!IsEmpty(ListItem.Property(child))</visible>
			<posx>190</posx>
			<posy>15</posy>
			<width>12</width>
			<height>20</height>
			<texture>graphic-browse-arrow.png</texture>
		</control>
	</include>

	<include name="Progress_Fade">
		<animation effect="fade" start="100" end="25" time="500" condition="Window.IsActive(DialogProgress.xml)">Conditional</animation>
	</include>
	<include name="Common_Background">
		<control type="group">
			<control type="group">
				<visible>!Skin.HasSetting(EnableCustomBG) + !Skin.HasSetting(EnableCustomBGFolder)</visible>
				<control type="image">
					<animation effect="fade" start="0" end="100" time="10000">VisibleChange</animation>
					<posx>0</posx>
					<posy>0</posy>
					<width>1280</width>
					<height>720</height>
					<texture blend="false">background/background.jpg</texture>
				</control>
			</control>
			<control type="image">
				<description>background image</description>
				<posx>0</posx>
				<posy>0</posy>
				<width>1280</width>
				<height>720</height>
				<texture>$INFO[Skin.String(CustomBG)]</texture>
				<aspectratio>scale</aspectratio>
				<visible>Skin.HasSetting(EnableCustomBG)</visible>
			</control>
			<control type="multiimage">
				<info>Skin.String(CustomBGFolder)</info>
				<posx>0</posx>
				<posy>0</posy>
				<width>1280</width>
				<height>720</height>
				<timeperimage>10000</timeperimage>
				<fadetime>1000</fadetime>
				<randomize>true</randomize>
				<aspectratio>scale</aspectratio>
				<visible>Skin.HasSetting(EnableCustomBGFolder)</visible>
			</control>
		</control>
	</include>
	<include name="Common_Background_Browse">
		<control type="image">
			<posx>0</posx>
			<posy>0</posy>
			<width>1280</width>
			<height>720</height>
			<texture blend="false">background/bg-browse.jpg</texture>
		</control>
		<include>BrowseMenuLevel1</include>
	</include>
	<include name="Common_Background_Browse_episodes">
		<control type="image">
			<posx>0</posx>
			<posy>0</posy>
			<width>1280</width>
			<height>720</height>
			<texture blend="false">background/bg-browse.jpg</texture>
		</control>
	</include>
	<include name="BrowseThumbsFade">
		<control type="image">
			<visible>StringCompare(Skin.String(show-thumbnails),1)</visible>
			<posx>264</posx>
			<posy>104</posy>
			<width>1016</width>
			<height>32</height>
			<texture>browse/graphic-browse-mask-top.png</texture>
		</control>
		<control type="image">
			<visible>StringCompare(Skin.String(show-thumbnails),1)</visible>
			<posx>264</posx>
			<posy>676</posy>
			<width>1016</width>
			<height>44</height>
			<texture>browse/graphic-browse-mask-bottom.png</texture>
		</control>
		<control type="image">
			<visible>StringCompare(Skin.String(show-thumbnails),2)</visible>
			<posx>264</posx>
			<posy>104</posy>
			<width>1016</width>
			<height>16</height>
			<texture>browse/graphic-browse-mask-top.png</texture>
		</control>
		<control type="image">
			<visible>StringCompare(Skin.String(show-thumbnails),2)</visible>
			<posx>264</posx>
			<posy>704</posy>
			<width>1016</width>
			<height>16</height>
			<texture>browse/graphic-browse-mask-bottom.png</texture>
		</control>
	</include>
	<include name="BrowseLineFade">
		<control type="image">
			<posx>264</posx>
			<posy>104</posy>
			<width>1016</width>
			<height>32</height>
			<texture>browse/graphic-browse-mask-top.png</texture>
		</control>
		<control type="image">
			<posx>264</posx>
			<posy>676</posy>
			<width>1016</width>
			<height>44</height>
			<texture>browse/graphic-browse-line-mask-bottom.png</texture>
		</control>
	</include>
	<include name="FullBrowseLineFade">
		<control type="image">
			<posx>0</posx>
			<posy>670</posy>
			<width>1280</width>
			<height>48</height>
			<texture>browse/graphic-browse-line-mask-bottom-full.png</texture>
		</control>
	</include>
	<include name="Common_Settings_Background">
		<control type="group">
			<control type="image">
				<posx>0</posx>
				<posy>0</posy>
				<width>1280</width>
				<height>720</height>
				<texture>colors/color-black.png</texture>
			</control>
		</control>
	</include>
	<include name="Common_Keyboard_Button">
		<width>52</width>
		<height>52</height>
		<textcolor>whiteheidi</textcolor>
		<focusedcolor>whiteheidi</focusedcolor>
		<align>center</align>
		<aligny>center</aligny>
		<font>font28</font>
		<texturenofocus diffuse="colors/color-keyboard.png">keyboard/keyboard-square-base.png</texturenofocus>
		<texturefocus srcborder="9" border="6">keyboard/keyboard-square-active.png</texturefocus>
		<textureclick srcborder="9" border="6">keyboard/keyboard-square-active.png</textureclick>
	</include>
	<include name="Top_Left_Keyboard_Button">
		<width>52</width>
		<height>52</height>
		<textcolor>whiteheidi</textcolor>
		<focusedcolor>whiteheidi</focusedcolor>
		<align>center</align>
		<aligny>center</aligny>
		<font>font28</font>
		<texturenofocus srcborder="30" border="20" diffuse="colors/color-keyboard.png">keyboard/keyboard-rounded-tl-base.png</texturenofocus>
		<texturefocus srcborder="30" border="20">keyboard/keyboard-rounded-tl-active.png</texturefocus>
		<textureclick srcborder="30" border="20">keyboard/keyboard-rounded-tl-active.png</textureclick>
	</include>
	<include name="Top_Right_Keyboard_Button">
		<width>52</width>
		<height>52</height>
		<textcolor>whiteheidi</textcolor>
		<focusedcolor>whiteheidi</focusedcolor>
		<align>center</align>
		<aligny>center</aligny>
		<font>font28</font>
		<texturenofocus srcborder="30" border="20" diffuse="colors/color-keyboard.png">keyboard/keyboard-rounded-tr-base.png</texturenofocus>
		<texturefocus srcborder="30" border="20">keyboard/keyboard-rounded-tr-active.png</texturefocus>
		<textureclick srcborder="30" border="20">keyboard/keyboard-rounded-tr-active.png</textureclick>
	</include>
	<include name="Bottom_Right_Keyboard_Button">
		<width>52</width>
		<height>52</height>
		<textcolor>whiteheidi</textcolor>
		<focusedcolor>whiteheidi</focusedcolor>
		<align>center</align>
		<aligny>center</aligny>
		<font>font28</font>
		<texturenofocus srcborder="30" border="20" diffuse="colors/color-keyboard.png">keyboard/keyboard-rounded-br-base.png</texturenofocus>
		<texturefocus srcborder="30" border="20">keyboard/keyboard-rounded-br-active.png</texturefocus>
		<textureclick srcborder="30" border="20">keyboard/keyboard-rounded-br-active.png</textureclick>
	</include>
	<include name="Bottom_Left_Keyboard_Button">
		<width>52</width>
		<height>52</height>
		<textcolor>whiteheidi</textcolor>
		<focusedcolor>whiteheidi</focusedcolor>
		<align>center</align>
		<aligny>center</aligny>
		<font>font28</font>
		<texturenofocus srcborder="30" border="20" diffuse="colors/color-keyboard.png">keyboard/keyboard-rounded-bl-base.png</texturenofocus>
		<texturefocus srcborder="30" border="20">keyboard/keyboard-rounded-bl-active.png</texturefocus>
		<textureclick srcborder="30" border="20">keyboard/keyboard-rounded-bl-active.png</textureclick>
	</include>
	<include name="Search_Keyboard_Button">
		<width>36</width>
		<height>36</height>
		<textcolor>white</textcolor>
		<focusedcolor>black</focusedcolor>
		<align>center</align>
		<aligny>center</aligny>
		<font>font22</font>
		<texturenofocus border="10" diffuse="grey.png">button_keyboard.png</texturenofocus>
		<texturefocus border="10" diffuse="masks/10b9f2.png">button_keyboard.png</texturefocus>
		<textureclick border="10">-</textureclick>
	</include>
	<include name="Search_Keyboard_ToggleButton">
		<width>36</width>
		<height>36</height>
		<textcolor>white</textcolor>
		<focusedcolor>white</focusedcolor>
		<align>center</align>
		<aligny>center</aligny>
		<font>font22b</font>
		<texturenofocus border="18" diffuse="grey.png">button_keyboard.png</texturenofocus>
		<texturefocus border="18" diffuse="masks/10b9f2.png">button_keyboard.png</texturefocus>
		<textureclick border="18">-</textureclick>
	</include>
	<include name="Search_Keyboard_Big_Button">
		<width>80</width>
		<height>80</height>
		<textcolor>white</textcolor>
		<focusedcolor>white</focusedcolor>
		<align>center</align>
		<aligny>center</aligny>
		<font>font26b</font>
		<texturenofocus>button_kb.png</texturenofocus>
		<texturefocus>button_kb_on.png</texturefocus>
		<textureclick>button_kb_click.png</textureclick>
	</include>
	<include name="Dialog_Background">
		<control type="image" platformClass="pc">
			<animation effect="fade" start="0" end="100" time="100">WindowOpen</animation>
			<animation effect="fade" start="100" end="0" time="100">WindowClose</animation>
			<posx>0</posx>
			<posy>0</posy>
			<width>1920</width>
			<height>1080</height>
			<texture>black.png</texture>
			<colordiffuse>80FFFFFF</colordiffuse>
		</control>
	</include>
	<include name="Loading_Animation">
		<posx>563</posx>
		<posy>283</posy>
		<width>154</width>
		<height>154</height>
		<imagepath>loading</imagepath>
		<timeperimage>12</timeperimage>
		<fadetime>4</fadetime>
		<pauseatend>0</pauseatend>
		<randomize>false</randomize>
		<loop>yes</loop>
		<aspectratio>keep</aspectratio>
	</include>
	<include name="Seek_Indicator">
		<control type="image" id="8200">
			<visible>Control.IsVisible(8100) + Control.HasFocus(8100)</visible>
			<posy>665</posy>
			<width>22</width>
			<height>17</height>
			<texture>1seeker_arrow.png</texture>
		</control>
		<control type="togglebutton" id="8100">
			<visible>true + [player.canseektotime + !Player.IsRadio]</visible>
			<posy>676</posy>
			<width>104</width>
			<height>44</height>
			<font>font24b</font>			
			<texturefocus>osd/osd-scrubber-pause-on.png</texturefocus>
			<texturenofocus>osd/osd-scrubber-pause-off.png</texturenofocus>
			<alttexturefocus>osd/osd-scrubber-play-on.png</alttexturefocus>
			<alttexturenofocus>osd/osd-scrubber-play-off.png</alttexturenofocus>
			<usealttexture>Player.Paused + !player.seeking</usealttexture>
			<align>center</align>
			<textcolor>black</textcolor>
			<disabledcolor>black</disabledcolor>
			<onup>9150</onup>
			<onclick>PlayerControl(Play)</onclick>
		</control>
	</include>	
	<include name="OSD_Progress">
		<control type="group">
			<posx>0</posx>
			<posy>676</posy>
			<control type="image">
				<posx>0</posx>
				<posy>0</posy>
				<width>1280</width>
				<height>44</height>
				<texture>black.png</texture>
			</control>
			<control type="image">
				<posx>0</posx>
				<posy>0</posy>
				<width>1280</width>
				<height>44</height>
				<texture>osd/osd-progressbar-gradient.png</texture>
			</control>
			<control type="label">
				<visible>true + !stringcompare(skin.string(showPlayTimeRemaining),1)</visible>
				<posx>0</posx>
				<posy>-1</posy>
				<width>132</width>
				<height>44</height>
				<font>font28b</font>
				<textcolor>whiteheidi</textcolor>
				<label>$INFO[Player.Time(HH:MM:SS)]</label>
				<aligny>center</aligny>
				<align>center</align>
			</control>
			<control type="label">
				<visible>true + stringcompare(skin.string(showPlayTimeRemaining),1)</visible>
				<posx>0</posx>
				<posy>-1</posy>
				<width>132</width>
				<height>44</height>
				<font>font28b</font>
				<textcolor>whiteheidi</textcolor>
				<label>$INFO[Player.timeremaining(HH:MM:SS)]</label>
				<aligny>center</aligny>
				<align>center</align>
			</control>
			<control type="progress">
				<description>play cache time progress</description>
				<posx>132</posx>
				<posy>0</posy>
				<width>1016</width>
				<height>44</height>
				<info>Player.progresscacheTime</info>
				<texturebg>osd/osd-buffer-progressbar.png</texturebg>
				<lefttexture>-</lefttexture>
				<midtexture>osd/osd-progressbar-buffered.png</midtexture>
				<righttexture>-</righttexture>
				<overlaytexture>-</overlaytexture>
				<visible>!Player.PageIsLoading</visible>
			</control>
			<control type="progress">
				<description>play time progress</description>
				<visible>!Player.PageIsLoading</visible>
				<posx>132</posx>
				<posy>0</posy>
				<width>1016</width>
				<height>44</height>
				<info>Player.ProgressTime</info>
				<texturebg>osd/osd-progressbar.png</texturebg>
				<lefttexture>-</lefttexture>
				<midtexture>osd/osd-progressbar-played.png</midtexture>
				<righttexture>-</righttexture>
				<overlaytexture>-</overlaytexture>
			</control>
			<!-- control type="label">
				<posx>5</posx>
				<posy>0</posy>
				<width>472</width>
				<height>36</height>
				<font>font24b</font>
				<textcolor>black</textcolor>
				<label>$INFO[Player.Time(H:MM:SS)]</label>
				<aligny>center</aligny>
				<align>left</align>
			</control -->
			<control type="label">
				<posx>1148</posx>
				<posy>-1</posy>
				<width>132</width>
				<height>44</height>
				<font>font28b</font>
				<textcolor>whiteheidi</textcolor>
				<label>$INFO[Player.Duration(HH:MM:SS)]</label>
				<aligny>center</aligny>
				<align>center</align>
			</control>
		</control>
	</include>
	<include name="OSD_Clock">
		<control type="group">
			<visible>!SubString(System.Time#AM,Right) + !SubString(System.Time#PM,Right)</visible>
			<control type="image">
				<posx>1152</posx>
				<posy>32</posy>
				<width>20</width>
				<height>20</height>
				<texture>graphic-clock.png</texture>
			</control>
			<control type="label">
				<posx>108r</posx>
				<posy>31</posy>
				<width>80</width>
				<height>20</height>
				<font>font26b</font>
				<textcolor>whiteheidi</textcolor>
				<align>center</align>
				<aligny>center</aligny>
				<label>[B]$INFO[System.Time(hh:mm)][/B]</label>
			</control>
		</control>
		<control type="group">
			<visible>SubString(System.Time#AM,Right) | SubString(System.Time#PM,Right)</visible>
			<control type="grouplist">
				<posx>1126</posx>
				<posy>32</posy>
				<orientation>horizontal</orientation>
				<itemgap>0</itemgap>
				<usecontrolcoords>true</usecontrolcoords>
				<control type="group">
					<!-- HACK TO ADD SPACE -->
					<width>26</width>
					<control type="image">
						<posx>0</posx>
						<posy>0</posy>
						<width>20</width>
						<height>20</height>
						<texture>graphic-clock.png</texture>
					</control>
				</control>
				<control type="label">
					<width min="0" max="82">auto</width>
					<height>20</height>
					<font>font26b</font>
					<textcolor>whiteheidi</textcolor>
					<align>left</align>
					<aligny>center</aligny>
					<label>[B]$INFO[System.Time(HH:MM)][/B]</label>
				</control>
				<control type="label">
					<visible>SubString(System.Time#AM,Right)</visible>
					<posx>2</posx>
					<posy>0</posy>
					<width min="0" max="80">auto</width>
					<height>36</height>
					<font>font18b</font>
					<textcolor>whiteheidi</textcolor>
					<align>left</align>
					<aligny>top</aligny>
					<scroll>false</scroll>
					<label>[B]AM[/B]</label>
				</control>
				<control type="label">
					<visible>SubString(System.Time#PM,Right)</visible>
					<posx>2</posx>
					<posy>0</posy>
					<width min="0" max="80">auto</width>
					<height>36</height>
					<font>font18b</font>
					<textcolor>whiteheidi</textcolor>
					<align>left</align>
					<aligny>top</aligny>
					<scroll>false</scroll>
					<label>[B]PM[/B]</label>
				</control>
			</control>
		</control>
	</include>
	<include name="TopGradient">
		<control type="image">
			<width>1280</width>
			<height>320</height>
			<texture>osd_gradient.png</texture>
		</control>
	</include>
	<include name="BottomGradient">
		<control type="image">
			<posx>0</posx>
			<height>320</height>
			<posy>400</posy>
			<width>1280</width>
			<texture flipy="true">osd_gradient.png</texture>
		</control>
	</include>
	<include name="OSD_Progress_Browser">
		<control type="group">
			<posx>0</posx>
			<posy>0</posy>
			<control type="image">
				<posx>0</posx>
				<posy>0</posy>
				<width>1280</width>
				<height>44</height>
				<texture>black.png</texture>
			</control>
			<control type="progress">
				<description>play cache time progress</description>
				<posx>0</posx>
				<posy>0</posy>
				<width>1280</width>
				<height>44</height>
				<info>Player.progresscache</info>
				<texturebg>osd/osd-buffer-progressbar.png</texturebg>
				<lefttexture>-</lefttexture>
				<midtexture>osd/osd-progressbar-buffered.png</midtexture>
				<righttexture>-</righttexture>
				<overlaytexture>-</overlaytexture>
				<visible>!Player.PageIsLoading</visible>
			</control>
			<control type="progress">
				<description>play time progress</description>
				<visible>!Player.PageIsLoading</visible>
				<posx>0</posx>
				<posy>0</posy>
				<width>1280</width>
				<height>44</height>
				<info>Player.Progress</info>
				<texturebg>osd/osd-progressbar-browser.png</texturebg>
				<lefttexture>-</lefttexture>
				<midtexture>osd/osd-progressbar-played.png</midtexture>
				<righttexture>-</righttexture>
				<overlaytexture>-</overlaytexture>
			</control>
		</control>
	</include>
	<include name="OSD_Progress_music">
		<control type="group">
			<posx>0</posx>
			<posy>676</posy>
			<control type="image">
				<posx>0</posx>
				<posy>0</posy>
				<width>1280</width>
				<height>44</height>
				<texture>black.png</texture>
			</control>
			<control type="group">
				<visible>true + !stringcompare(skin.string(showPlayTimeRemaining),1)</visible>
				<control type="label">
					<visible>true + !stringcompare(skin.string(totalTimeMoreThenHour),1)</visible>
					<posx>0</posx>
					<posy>-1</posy>
					<width>132</width>
					<height>44</height>
					<font>font28b</font>
					<textcolor>whiteheidi</textcolor>
					<label>$INFO[Player.Time(MM:SS)]</label>
					<aligny>center</aligny>
					<align>center</align>
				</control>
				<control type="label">
					<visible>true + stringcompare(skin.string(totalTimeMoreThenHour),1)</visible>
					<posx>0</posx>
					<posy>-1</posy>
					<width>132</width>
					<height>44</height>
					<font>font28b</font>
					<textcolor>whiteheidi</textcolor>
					<label>$INFO[Player.Time(HH:MM:SS)]</label>
					<aligny>center</aligny>
					<align>center</align>
				</control>
			</control>
			<control type="group">
				<visible>true + stringcompare(skin.string(showPlayTimeRemaining),1)</visible>
				<control type="label">
					<visible>true + !stringcompare(skin.string(totalTimeMoreThenHour),1)</visible>
					<posx>0</posx>
					<posy>-1</posy>
					<width>132</width>
					<height>44</height>
					<font>font28b</font>
					<textcolor>whiteheidi</textcolor>
					<label>$INFO[Player.timeremaining(MM:SS)]</label>
					<aligny>center</aligny>
					<align>center</align>
				</control>
				<control type="label">
					<visible>true + stringcompare(skin.string(totalTimeMoreThenHour),1)</visible>
					<posx>0</posx>
					<posy>-1</posy>
					<width>132</width>
					<height>44</height>
					<font>font28b</font>
					<textcolor>whiteheidi</textcolor>
					<label>$INFO[Player.timeremaining(HH:MM:SS)]</label>
					<aligny>center</aligny>
					<align>center</align>
				</control>
			</control>
			<control type="progress">
				<description>play cache time progress</description>
				<posx>132</posx>
				<posy>0</posy>
				<width>1016</width>
				<height>44</height>
				<info>Player.progresscache</info>
				<texturebg>osd/osd-buffer-progressbar.png</texturebg>
				<lefttexture>-</lefttexture>
				<midtexture>osd/osd-progressbar-buffered.png</midtexture>
				<righttexture>-</righttexture>
				<overlaytexture>-</overlaytexture>
				<visible>!Player.PageIsLoading</visible>
			</control>
			<control type="progress">
				<description>play time progress</description>
				<visible>!Player.PageIsLoading</visible>
				<posx>132</posx>
				<posy>0</posy>
				<width>1016</width>
				<height>44</height>
				<info>Player.Progress</info>
				<texturebg>osd/osd-progressbar.png</texturebg>
				<lefttexture>-</lefttexture>
				<midtexture>osd/osd-progressbar-played.png</midtexture>
				<righttexture>-</righttexture>
				<overlaytexture>-</overlaytexture>
			</control>
			<control type="label">
				<visible>true + !stringcompare(skin.string(totalTimeMoreThenHour),1)</visible>
				<posx>1148</posx>
				<posy>-1</posy>
				<width>132</width>
				<height>44</height>
				<font>font28b</font>
				<textcolor>whiteheidi</textcolor>
				<label>$INFO[Player.Duration(MM:SS)]</label>
				<aligny>center</aligny>
				<align>center</align>
			</control>
			<control type="label">
				<visible>true + stringcompare(skin.string(totalTimeMoreThenHour),1)</visible>
				<posx>1148</posx>
				<posy>-1</posy>
				<width>132</width>
				<height>44</height>
				<font>font28b</font>
				<textcolor>whiteheidi</textcolor>
				<label>$INFO[Player.Duration(HH:MM:SS)]</label>
				<aligny>center</aligny>
				<align>center</align>
			</control>
		</control>
	</include>
	<include name="Init_Box_Boxee_Icon_Left">
		<control type="image">
			<posx>280</posx>
			<posy>49</posy>
			<width>86</width>
			<height>86</height>
			<texture>logo86t.png</texture>
		</control>
	</include>
	<include name="Init_Box_Boxee_Icon_Middle">
		<control type="image">
			<posx>288</posx>
			<posy>40</posy>
			<width>200</width>
			<height>200</height>
			<texture>Splash.png</texture>
			<aspectratio>scale</aspectratio>
		</control>
	</include>
	<include name="FTU_Boxee_Icon">
		<control type="image">
			<posx>240</posx>
			<posy>50</posy>
			<height>150</height>
			<width>150</width>
			<texture>splash135.png</texture>
			<aspectratio>scale</aspectratio>
		</control>
	</include>
	<include name="FTU_Position">
		<posx>330</posx>
		<posy>45</posy>
	</include>
	<include name="FTU_Title_Properties">
		<posx>27</posx>
		<posy>160</posy>
		<height>300</height>
		<width>566</width>
		<align>center</align>
		<aligny>top</aligny>
		<textcolor>white</textcolor>
		<font>font28b</font>
		<wrapmultiline>true</wrapmultiline>
	</include>
	<include name="FTU_Boxee_Icon2">
		<control type="image">
			<posx>267</posx>
			<posy>50</posy>
			<height>86</height>
			<width>86</width>
			<texture>logo86t.png</texture>
			<aspectratio>scale</aspectratio>
		</control>
	</include>
	<include name="FTU_background">
		<control type="image">
			<posx>0</posx>
			<posy>0</posy>
			<width>620</width>
			<height>630</height>
			<texture border="20">browse_menu_dialog_background.png</texture>
			<colordiffuse>FF212121</colordiffuse>
		</control>
	</include>
	<include name="FTU_Button_Properties">	
		<align>center</align>
		<aligny>center</aligny>
		<textcolor>white</textcolor>
		<focusedcolor>black</focusedcolor>
		<texturenofocus border="16" diffuse="masks/464646.png">button_8_pixel.png</texturenofocus>
		<texturefocus border="16" diffuse="masks/10b9f2.png">button_8_pixel.png</texturefocus>
		<textureclick border="16" diffuse="masks/f1f1f1.png">button_8_pixel.png</textureclick>
	</include>
	<include name="FTU_Edit_Properties">		
		<font>font28b</font>
		<align>left</align>
		<aligny>center</aligny>
		<textcolor>black</textcolor>
		<focusedcolor>black</focusedcolor>
		<textoffsetx>14</textoffsetx>
		<texturenofocus border="25">browse_menu_dialog_edit.png</texturenofocus>
		<texturefocus border="25">browse_menu_dialog_edit_focus.png</texturefocus>
		<emptycolor>opaquegrey</emptycolor>
	</include>	
	<include name="Init_Box_Boxee_List">
		<control type="list" id="240">
			<visible>true</visible>
			<posx>270</posx>
			<posy>200</posy>
			<width>480</width>
			<height>300</height>
			<onleft>251</onleft>
			<onright>250</onright>
			<onup>-</onup>
			<ondown>-</ondown>
			<scrolltime>200</scrolltime>
			<pagecontrol>60</pagecontrol>
			<orientation>vertical</orientation>
			<focusposition>6</focusposition>
			<offsety>5</offsety>
			<itemlayout height="40">
				<control type="label">
					<posx>42</posx>
					<posy>0</posy>
					<width>480</width>
					<height>40</height>
					<font>font22</font>
					<align>left</align>
					<aligny>center</aligny>
					<info>ListItem.Label</info>
					<textcolor>grey</textcolor>
				</control>
				<control type="image">
					<posx>8</posx>
					<posy>8</posy>
					<width>24</width>
					<height>24</height>
					<texture>icons/icon_selected.png</texture>
					<visible>ListItem.IsSelected</visible>
				</control>
			</itemlayout>
			<focusedlayout height="40">
				<control type="image">
					<visible>Control.HasFocus(240)</visible>
					<posx>-19</posx>
					<posy>-19</posy>
					<width>480</width>
					<height>78</height>
					<texture border="39">line_view_on.png</texture>
				</control>
				<control type="image">
					<posx>8</posx>
					<posy>8</posy>
					<width>24</width>
					<height>24</height>
					<texture>icons/icon_selected.png</texture>
					<visible>ListItem.IsSelected</visible>
				</control>
				<control type="label">
					<visible>!Control.HasFocus(240)</visible>
					<posx>42</posx>
					<posy>0</posy>
					<width>480</width>
					<height>40</height>
					<font>font22</font>
					<align>left</align>
					<aligny>center</aligny>
					<label>$INFO[ListItem.Label]</label>
					<textcolor>grey</textcolor>
					<scrollonfocus>true</scrollonfocus>
				</control>
				<control type="label">
					<visible>Control.HasFocus(240)</visible>
					<posx>42</posx>
					<posy>0</posy>
					<width>480</width>
					<height>40</height>
					<font>font22b</font>
					<align>left</align>
					<aligny>center</aligny>
					<label>$INFO[ListItem.Label]</label>
					<textcolor>white</textcolor>
					<scrollonfocus>true</scrollonfocus>
				</control>
			</focusedlayout>
		</control>
	</include>
	<include name="DownloadingUpdatesBanner">
		<control type="group" id="7500">
			<posx>780</posx>
			<posy>20</posy>
			<visible>true + boxee.isdownloadingupdate + !boxee.newversion</visible>
			<control type="image">
				<texture border="20">menu_dialog_background.png</texture>
				<colordiffuse>FF212121</colordiffuse>
				<width>480</width>
				<height>67</height>
			</control>
			<control type="image">
				<posx>13</posx>
				<posy>12</posy>
				<width>42</width>
				<height>42</height>
				<colordiffuse>white</colordiffuse>
				<texture>icons/icon_download_update.png</texture>
			</control>
			<control type="label">
				<posx>65</posx>
				<posy>2</posy>
				<width>420</width>
				<height>42</height>
				<font>font24b</font>
				<align>left</align>
				<aligny>center</aligny>
				<label>51959</label>
				<textcolor>white</textcolor>
			</control>
			<control type="label">
				<posx>65</posx>
				<posy>28</posy>
				<width>420</width>
				<height>42</height>
				<font>font24</font>
				<align>left</align>
				<aligny>center</aligny>
				<label>51960</label>
				<textcolor>white</textcolor>
			</control>		
		</control>
	</include>
	<include name="Key1Pos">
		<posx>0</posx>
		<posy>0</posy>
	</include>
	<include name="Key2Pos">
		<posx>55</posx>
		<posy>0</posy>
	</include>
	<include name="Key3Pos">
		<posx>110</posx>
		<posy>0</posy>
	</include>
	<include name="Key4Pos">
		<posx>165</posx>
		<posy>0</posy>
	</include>
	<include name="Key5Pos">
		<posx>220</posx>
		<posy>0</posy>
	</include>
	<include name="Key6Pos">
		<posx>275</posx>
		<posy>0</posy>
	</include>
	<include name="Key7Pos">
		<posx>330</posx>
		<posy>0</posy>
	</include>
	<include name="Key8Pos">
		<posx>385</posx>
		<posy>0</posy>
	</include>
	<include name="Key9Pos">
		<posx>440</posx>
		<posy>0</posy>
	</include>
</includes>
