﻿<?xml version="1.0"?>
<window id="131">
	<defaultcontrol>5</defaultcontrol>
	<controls>
		<include>Dialog_Popup_Background</include>
		<control type="group">
			<include>Dialog_Popup_Animation</include>
			<posx>340</posx>
			<posy>182</posy>
			<control type="image">
				<posx>0</posx>
				<posy>0</posy>
				<width>600</width>
				<height>302</height>
				<texture border="20">menu_dialog_background.png</texture>
				<colordiffuse>FF212121</colordiffuse>
			</control>
			<control type="label" id="2">
				<description>heading label</description>
				<posx>26</posx>
				<posy>34</posy>
				<width>550</width>
				<height>70</height>
				<font>font28b</font>
				<align>left</align>
				<aligny>center</aligny>
				<label>-</label>
				<textcolor>white</textcolor>
				<wrapmultiline>true</wrapmultiline>
			</control>
			<control type="button" id="28">
				<posx>16</posx>
				<posy>228</posy>
				<width>160</width>
				<height>54</height>
				<align>center</align>
				<aligny>center</aligny>
				<textcolor>grey</textcolor>
				<focusedcolor>white</focusedcolor>
				<texturenofocus border="30">-</texturenofocus>
				<texturefocus border="30">button_action_menu_source_on.png</texturefocus>
				<textureclick border="30">button_action_menu_source_click.png</textureclick>
				<font>font22b</font>
				<label>$LOCALIZE[186]</label>
				<!--OK-->
				<onup>5</onup>
				<ondown>-</ondown>
				<onleft>29</onleft>
				<onright>29</onright>
				<onclick>-</onclick>
			</control>
			<control type="button" id="29">
				<posx>156</posx>
				<posy>228</posy>
				<width>160</width>
				<height>54</height>
				<align>center</align>
				<aligny>center</aligny>
				<textcolor>grey</textcolor>
				<focusedcolor>white</focusedcolor>
				<texturenofocus border="30">-</texturenofocus>
				<texturefocus border="30">button_action_menu_source_on.png</texturefocus>
				<textureclick border="30">button_action_menu_source_click.png</textureclick>
				<font>font22b</font>
				<label>$LOCALIZE[222]</label>
				<!--Cancel-->
				<onup>5</onup>
				<ondown>-</ondown>
				<onleft>28</onleft>
				<onright>28</onright>
				<onclick>-</onclick>
			</control>
			<control type="spincontrol" id="60">
				<description>Next page button</description>
				<visible>false</visible>
				<posx>460</posx>
				<posy>20</posy>
				<subtype>page</subtype>
				<font>font18</font>
				<align>right</align>
				<textcolor>darkgrey</textcolor>
				<textureup>scroll-up.png</textureup>
				<texturedown>scroll-down.png</texturedown>
				<textureupfocus>scroll-up-focus-green.png</textureupfocus>
				<texturedownfocus>scroll-down-focus-green.png</texturedownfocus>
				<onleft>5</onleft>
				<onright>5</onright>
				<ondown>5</ondown>
				<onup>5</onup>
				<showonepage>false</showonepage>
			</control>
			<control type="grouplist" id="5">
				<description>control area</description>
				<posx>25</posx>
				<posy>100</posy>
				<width>550</width>
				<height>160</height>
				<itemgap>20</itemgap>
				<pagecontrol>60</pagecontrol>
				<onleft>-</onleft>
				<onright>-</onright>
				<onup>-</onup>
				<ondown>28</ondown>
			</control>
			<control type="button" id="7">
				<description>Default Button</description>
				<height>40</height>
				<font>font22b</font>
				<align>left</align>
				<aligny>center</aligny>
				<textcolor>black</textcolor>
				<focusedcolor>black</focusedcolor>
				<textoffsetx>14</textoffsetx>
				<texturenofocus border="25">browse_menu_dialog_edit.png</texturenofocus>
				<texturefocus border="25">browse_menu_dialog_edit_focus.png</texturefocus>
			</control>
			<control type="radiobutton" id="8">
				<description>Default RadioButton</description>
				<height>40</height>
				<font>font22</font>
				<textcolor>white</textcolor>
				<focusedcolor>white</focusedcolor>
				<disabledcolor>disabled</disabledcolor>
				<textoffsetx>20</textoffsetx>
				<texturenofocus border="15">button_settings_line_divider.png</texturenofocus>
				<texturefocus border="20" diffuse="masks/10b9f2.png">browse_line_focus.png</texturefocus>
				<textureclick border="20" diffuse="masks/f1f1f1.png">browse_line_focus.png</textureclick>
				<textureradiofocus>radio_button_quality_check2.png</textureradiofocus>
				<textureradionofocus>radio_button_quality_off.png</textureradionofocus>
				<pulseonselect>false</pulseonselect>
				<radioposy>8</radioposy>
				<radioposx>510</radioposx>
				<radiowidth>24</radiowidth>
				<radioheight>24</radioheight>
			</control>
			<control type="spincontrolex" id="9">
				<description>Default SpinControlex</description>
				<posx>0</posx>
				<posy>0</posy>
				<height>45</height>
				<texturefocus>context_info_settings_button_focus.png</texturefocus>
				<texturenofocus>context_info_settings_button.png</texturenofocus>
				<textureup>scroll_up.png</textureup>
				<texturedown>scroll_down.png</texturedown>
				<textureupfocus>settings_arrow_button_up.png</textureupfocus>
				<texturedownfocus>settings_arrow_button_down.png</texturedownfocus>
				<font>font18</font>
				<textcolor>darkgrey</textcolor>
				<disabledcolor>disabled</disabledcolor>
				<textoffsetx>7</textoffsetx>
				<aligny>center</aligny>
				<reverse>yes</reverse>
			</control>
			<control type="image" id="11">
				<description>separator image</description>
				<height>1</height>
				<texture>grey.png</texture>
			</control>
		</control>
	</controls>
</window>
