<window id="129">
	<defaultcontrol always="true">12</defaultcontrol>
	<allowoverlay>no</allowoverlay>
	<coordinates>
		<system>1</system>
		<posx>240</posx>
		<posy>105</posy>
	</coordinates>
	<include>dialogeffect</include>
	<controls>
		<control type="image">
			<description>background image</description>
			<posx>0</posx>
			<posy>0</posy>
			<width>800</width>
			<height>510</height>
			<colordiffuse>55FFFFFF</colordiffuse>
			<texture>grey.png</texture>
		</control>
		<control type="image">
			<description>background image</description>
			<posx>5</posx>
			<posy>5</posy>
			<width>790</width>
			<height>500</height>
			<colordiffuse>88FFFFFF</colordiffuse>
			<texture>black.png</texture>
		</control>
		<control type="label">
			<description>heading label</description>
			<posx>20</posx>
			<posy>10</posy>
			<width>420</width>
			<align>left</align>
			<font>font16</font>
			<label>21432</label>
			<textcolor>green</textcolor>
		</control>
		<control type="label" id="0">
			<description>Name Label</description>
			<posx>15</posx>
			<posy>45</posy>
			<width>770</width>
			<font>font13</font>
			<label>21433</label>
		</control>
		<control type="button" id="12">
			<description>Name Button</description>
			<posx>15</posx>
			<posy>75</posy>
			<width>770</width>
			<height>45</height>
			<textoffsetx>10</textoffsetx>
			<textwidth>750</textwidth>
			<aligny>center</aligny>
			<texturefocus>list-focus.png</texturefocus>
			<texturenofocus>list-nofocus.png</texturenofocus>
			<label>-</label>
			<colordiffuse>FFFFFFFF</colordiffuse>
			<onup>9001</onup>
			<onleft>12</onleft>
			<onright>12</onright>
			<ondown>10</ondown>
		</control>
		<control type="label">
			<description>rules label</description>
			<posx>15</posx>
			<posy>120</posy>
			<width>770</width>
			<align>left</align>
			<font>font13</font>
			<label>21434</label>
		</control>
		<control type="list" id="10">
			<description>Rules List Control</description>
			<posx>15</posx>
			<posy>160</posy>
			<width>615</width>
			<height>141</height>
			<onup>12</onup>
			<onleft>9000</onleft>
			<onright>9000</onright>
			<ondown>16</ondown>
			<itemlayout width="615" height="47">
				<control type="image">
					<posx>0</posx>
					<posy>0</posy>
					<width>615</width>
					<height>45</height>
					<texture>list-nofocus.png</texture>
				</control>
				<control type="label">
					<posx>10</posx>
					<posy>0</posy>
					<width>595</width>
					<height>45</height>
					<aligny>center</aligny>
					<info>ListItem.Label</info>
					<selectedcolor>green</selectedcolor>
					<font>font13</font>
				</control>
			</itemlayout>
			<focusedlayout width="615" height="47">
				<control type="image">
					<posx>0</posx>
					<posy>0</posy>
					<width>615</width>
					<height>45</height>
					<texture>list-focus.png</texture>
					<visible>Control.HasFocus(10)</visible>
				</control>
				<control type="image">
					<posx>0</posx>
					<posy>0</posy>
					<width>615</width>
					<height>45</height>
					<texture>list-nofocus.png</texture>
					<visible>!Control.HasFocus(10)</visible>
				</control>
				<control type="label">
					<posx>10</posx>
					<posy>0</posy>
					<width>595</width>
					<height>45</height>
					<aligny>center</aligny>
					<info>ListItem.Label</info>
					<selectedcolor>green</selectedcolor>
					<font>font13</font>
				</control>
			</focusedlayout>
		</control>
		<control type="group" id="9000">
			<control type="button" id="13">
				<description>Add Rule Button</description>
				<posx>635</posx>
				<posy>160</posy>
				<height>45</height>
				<width>150</width>
				<label>15019</label>
				<align>center</align>
				<aligny>center</aligny>
				<texturefocus>button-focus.png</texturefocus>
				<texturenofocus>button-nofocus.png</texturenofocus>
				<onup>17</onup>
				<onleft>10</onleft>
				<onright>10</onright>
				<ondown>14</ondown>
			</control>
			<control type="button" id="14">
				<description>Remove Rule Button</description>
				<posx>635</posx>
				<posy>207</posy>
				<height>45</height>
				<width>150</width>
				<label>1210</label>
				<align>center</align>
				<aligny>center</aligny>
				<texturefocus>button-focus.png</texturefocus>
				<texturenofocus>button-nofocus.png</texturenofocus>
				<onup>13</onup>
				<onleft>10</onleft>
				<onright>10</onright>
				<ondown>15</ondown>
			</control>
			<control type="button" id="15">
				<description>Edit Rule Button</description>
				<posx>635</posx>
				<posy>254</posy>
				<height>45</height>
				<width>150</width>
				<label>21435</label>
				<align>center</align>
				<aligny>center</aligny>
				<texturefocus>button-focus.png</texturefocus>
				<texturenofocus>button-nofocus.png</texturenofocus>
				<onup>14</onup>
				<onleft>10</onleft>
				<onright>10</onright>
				<ondown>16</ondown>
			</control>
		</control>
		
		<control type="spincontrolex" id="16">
			<posx>15</posx>
			<posy>301</posy>
			<width>770</width>
			<height>45</height>
			<label>21424</label>
			<font>font13</font>
			<texturefocus>list-focus.png</texturefocus>
			<texturenofocus>list-nofocus.png</texturenofocus>
			<onright>16</onright>
			<onleft>16</onleft>
			<onup>10</onup>
			<ondown>17</ondown>
		</control>
		
		<control type="spincontrolex" id="17">
			<posx>15</posx>
			<posy>348</posy>
			<width>770</width>
			<height>45</height>
			<label>21427</label>
			<font>font13</font>
			<texturefocus>list-focus.png</texturefocus>
			<texturenofocus>list-nofocus.png</texturenofocus>
			<onright>17</onright>
			<onleft>17</onleft>
			<onup>16</onup>
			<ondown>18</ondown>
		</control>

		<control type="spincontrolex" id="18">
			<posx>15</posx>
			<posy>395</posy>
			<width>615</width>
			<height>45</height>
			<label>21429</label>
			<font>font13</font>
			<texturefocus>list-focus.png</texturefocus>
			<texturenofocus>list-nofocus.png</texturenofocus>
			<onright>19</onright>
			<onleft>19</onleft>
			<onup>17</onup>
			<ondown>9001</ondown>
		</control>

		<control type="togglebutton" id="19">
			<posx>635</posx>
			<posy>395</posy>
			<width>150</width>
			<height>45</height>
			<font>font13</font>
			<textoffsetx>8</textoffsetx>
			<aligny>center</aligny>
			<texturefocus>list-focus.png</texturefocus>
			<texturenofocus>list-nofocus.png</texturenofocus>
			<alttexturefocus>list-focus.png</alttexturefocus>
			<alttexturenofocus>list-nofocus.png</alttexturenofocus>
			<label>21431</label>
			<altlabel>21430</altlabel>
			<colordiffuse>FFFFFFFF</colordiffuse>
			<onright>18</onright>
			<onleft>18</onleft>
			<onup>17</onup>
			<ondown>9001</ondown>
		</control>
		<control type="group" id="9001">
			<control type="button" id="20">
				<description>Ok Button</description>
				<posx>195</posx>
				<posy>450</posy>
				<width>200</width>
				<height>45</height>
				<align>center</align>
				<aligny>center</aligny>
				<texturefocus>button-focus.png</texturefocus>
				<texturenofocus>button-nofocus.png</texturenofocus>
				<label>186</label>
				<onup>18</onup>
				<onleft>21</onleft>
				<onright>21</onright>
				<ondown>12</ondown>
			</control>
			<control type="button" id="21">
				<description>Cancel Button</description>
				<posx>405</posx>
				<posy>450</posy>
				<width>200</width>
				<height>45</height>
				<align>center</align>
				<aligny>center</aligny>
				<texturefocus>button-focus.png</texturefocus>
				<texturenofocus>button-nofocus.png</texturenofocus>
				<label>222</label>
				<onup>18</onup>
				<onleft>20</onleft>
				<onright>20</onright>
				<ondown>12</ondown>
			</control>
		</control>
	</controls>
</window>